user_129,91
user_132,100
user_130,102
user_131,101
user_137,119
user_147,118
user_152,113
user_151,110
user_149,112
user_153,113
user_158,112
user_156,112
user_159,111
user_160,114
user_163,111
user_166,113
user_170,115
user_167,118
user_171,119
user_175,297
user_178,356
user_184,355
user_193,355
user_195,357
user_207,401
user_209,401
user_222,400
user_231,399
user_233,398
user_223,426
user_237,430
user_228,433
user_239,435
user_225,434
user_240,434
user_137,435
user_243,468
user_241,473
user_242,444
user_238,447
user_75,1105
user_42,1141
user_84,1213
user_16,1179
user_17,1223
user_76,1192
user_63,1151
user_90,1159
user_127,1148
user_21,1169
user_41,1166
user_72,1161
user_43,1166
user_92,1169
user_168,1061
user_200,1019
user_60,1174
user_142,1080
user_187,1044
user_59,1173
user_53,1111
user_190,1037
user_50,1181
user_145,1080
user_23,1192
user_33,1156
user_0,1191
user_199,1025
user_13,1180
user_48,1134
user_119,1184
user_135,1087
user_99,1165
user_45,1121
user_112,1119
user_11,1146
user_9,1189
user_106,1166
user_55,1204
user_244,990
user_165,1115
user_124,1169
user_125,1148
user_97,1221
user_101,1178
user_91,1261
user_61,1174
user_105,1253
user_32,1199
user_115,1180
user_34,1231
user_87,1229
user_4,1239
user_19,1248
user_28,1295
user_134,1158
user_14,1212
user_24,1254
user_189,1112
user_126,1250
user_117,1190
user_182,1115
user_65,1230
user_183,1113
user_78,1242
user_162,1140
user_67,1188
user_37,1234
user_100,1192
user_56,1183
user_62,1249
user_150,1163
user_27,1266
user_69,1206
user_180,1162
user_49,1264
user_143,1168
user_192,1153
user_52,1292
user_22,1181
user_108,1207
user_10,1180
user_139,1171
user_116,1200
user_35,1276
user_146,1166
user_144,1155
user_36,1253
user_177,1129
user_40,1293
user_138,1210
user_107,1194
user_198,1150
user_154,1196
user_140,1205
user_149,1085
user_204,1137
user_169,1185
user_226,1102
user_159,1080
user_173,1134
user_128,1172
user_71,1199
user_191,1125
user_188,1111
user_26,1256
user_15,1274
user_157,1187
user_110,1265
user_81,1246
user_121,1251
user_66,1201
user_68,1315
user_118,1210
user_104,1191
user_82,1254
user_95,1284
user_5,1259
user_25,1232
user_64,1205
user_153,1100
user_86,1310
user_161,1208
user_205,1151
user_102,1317
user_123,1260
user_31,1282
user_172,1198
user_202,1169
user_132,1123
user_203,1161
user_217,1140
user_74,1258
user_133,1230
user_234,1117
user_196,1171
user_96,1349
user_39,1250
user_1,1331
user_250,1096
user_2,1327
user_77,1315
user_148,1218
user_70,1255
user_220,1135
user_46,1320
user_29,1304
user_155,1235
user_58,1278
user_151,1126
user_136,1252
user_30,1269
user_57,1351
user_156,1122
user_98,1286
user_197,1189
user_152,1125
user_253,1114
user_164,1228
user_109,1297
user_51,1372
user_214,1165
user_103,1286
user_7,1307
user_215,1168
user_12,1349
user_147,1131
user_174,1208
user_212,1172
user_18,1301
user_219,1161
user_230,1151
user_208,1178
user_120,1283
user_80,1338
user_210,1178
user_216,1169
user_111,1288
user_89,1336
user_181,1206
user_185,1208
user_131,1143
user_227,1153
user_194,1202
user_224,1168
user_246,1145
user_213,1183
user_201,1209
user_130,1169
user_249,1146
user_252,1152
user_221,1193
user_236,1172
user_235,1175
user_254,1151
user_44,1372
user_79,1424
user_229,1233
user_85,1422
user_6,1396
user_122,1375
user_83,1416
user_211,1257
user_38,1414
user_176,1298
user_93,1423
user_94,1463
user_141,1336
user_47,1468
user_88,1423
user_206,1260
user_20,1408
user_186,1295
user_179,1295
user_218,1249
user_232,1230
user_3,1440
user_113,1373
user_114,1373
user_8,1409
user_129,1252
user_73,1468
user_264,1209
user_167,1209
user_277,1039
user_274,1218
user_270,1026
user_163,1223
user_256,1256
user_282,1070
user_280,1069
user_284,1082
user_258,1258
user_268,1232
user_273,1245
user_266,1255
user_269,1290
user_260,1276
user_160,1304
user_275,1285
user_166,1306
user_286,1127
user_281,1250
user_279,1283
user_278,1284
user_283,1281
user_257,1304
user_170,1332
user_195,1060
user_158,1346
user_267,1301
user_271,1319
user_288,1271
user_300,1066
user_259,1342
user_184,1073
user_265,1339
user_263,1345
user_289,1181
user_276,1142
user_290,1085
user_171,1304
user_261,1348
user_247,1344
user_295,1072
user_251,1359
user_287,1162
user_314,1040
user_310,1043
user_262,1341
user_255,1342
user_193,1126
user_291,1145
user_297,1146
user_272,1371
user_309,1117
user_304,1118
user_317,1114
user_225,1187
user_363,1190
user_240,1185
user_347,1200
user_228,1187
user_369,1205
user_325,1278
user_338,1269
user_377,1206
user_137,1205
user_222,1230
user_303,1342
user_331,1269
user_336,1277
user_312,1330
user_298,1364
user_307,1337
user_341,1259
user_318,1293
user_351,1231
user_296,1361
user_374,1219
user_385,1193
user_344,1147
user_315,1344
user_378,1247
user_384,1215
user_355,1265
user_352,1268
user_358,1136
user_359,1135
user_348,1138
user_350,1136
user_328,1311
user_209,1075
user_372,1250
user_302,1154
user_311,1126
user_207,1076
user_364,1009
user_313,1103
user_299,1145
user_233,1138
user_175,1169
user_357,1119
user_349,1124
user_294,1161
user_343,1150
user_345,1119
user_305,1138
user_356,1123
user_354,1119
user_178,1143
user_339,1309
user_360,1261
user_342,1150
user_340,1328
user_334,1313
user_353,1108
user_223,1107
user_239,1097
user_335,1321
user_327,1337
user_320,1372
user_329,1346
user_324,1359
user_322,1358
user_316,1375
user_326,1121
user_308,1169
user_332,1114
user_323,1126
user_292,1204
user_337,1106
user_301,1181
user_381,1359
user_376,1419
user_383,1492
user_387,1503
user_373,1573
user_54,2293
user_226,532
user_259,265
user_245,2038
user_285,1829
user_293,1769
user_306,1747
user_321,1699
user_319,1712
user_330,1682
user_333,1681
user_346,1639
user_361,1633
user_237,1635
user_366,1635
user_379,1626
user_365,1637
user_368,1636
user_370,1636
user_375,1638
user_253,639
user_332,223
user_345,165
user_292,224
user_278,290
user_248,2093
user_231,1730
user_362,1693
user_367,1696
user_371,1695
user_91,552
user_349,280
user_380,1769
user_325,270
user_394,271
user_377,272
user_228,272
user_347,273
user_315,536
user_360,328
user_307,287
user_222,286
user_331,294
user_62,738
user_376,390
user_269,432
user_241,1593
user_386,1608
user_336,362
user_243,1604
user_390,1681
user_393,1779
user_205,1223
user_217,1262
user_389,1704
user_274,1048
user_120,1293
user_281,1114
user_211,1240
user_6,1124
user_83,1256
user_3,1291
user_102,1402
user_232,1313
user_121,1471
user_129,1233
user_25,1561
user_42,1677
user_148,1564
user_388,1718
user_75,1530
user_92,1745
user_145,1751
user_201,1317
user_219,1592
user_43,1789
user_50,1748
user_246,1363
user_103,1635
user_208,1675
user_242,2166
user_72,1832
user_235,1523
user_24,1428
user_41,1947
user_60,1951
user_230,1797
user_343,1241
user_94,1592
user_76,1951
user_320,1222
user_167,1593
user_176,1596
user_256,1626
user_313,1245
user_0,1953
user_202,1457
user_96,1454
user_108,1437
user_295,1175
user_384,1280
user_324,1241
user_49,1461
user_270,1626
user_56,1461
user_258,1664
user_180,1468
user_210,1506
user_238,2026
user_58,1832
user_151,1828
user_287,1209
user_392,1797
user_351,1031
user_17,1978
user_119,1987
user_44,1616
user_88,1623
user_218,1616
user_82,1842
user_300,1200
user_338,1349
user_282,1653
user_124,1951
user_182,1460
user_229,1642
user_20,1668
user_165,1979
user_126,1514
user_101,1415
user_385,1353
user_8,1674
user_251,1236
user_255,1176
user_302,1327
user_272,1291
user_163,1661
user_265,1230
user_85,1644
user_212,1531
user_350,1294
user_359,1334
user_275,1671
user_364,1306
user_141,1613
user_391,2349
user_189,1511
user_113,1626
user_185,1824
user_48,1391
user_339,1265
user_317,1492
user_47,1667
user_34,1990
user_329,1177
user_224,1590
user_223,1250
user_173,1522
user_78,1564
user_209,1375
user_271,1672
user_28,1533
user_161,1568
user_374,1404
user_57,1626
user_247,1291
user_35,1579
user_192,1553
user_172,1567
user_38,1674
user_116,1563
user_276,1236
user_267,1672
user_378,1338
user_99,1431
user_309,1625
user_158,1252
user_195,1675
user_14,1533
user_112,1412
user_297,1347
user_299,1184
user_156,1694
user_15,1559
user_356,1239
user_138,1635
user_7,1708
user_175,1220
user_266,1711
user_106,1524
user_52,1562
user_264,1713
user_340,1173
user_193,1323
user_150,1562
user_61,1538
user_115,1538
user_234,1651
user_13,1470
user_155,1634
user_144,1554
user_122,1663
user_284,1689
user_37,1550
user_198,1537
user_327,1337
user_355,1184
user_153,1584
user_206,1685
user_186,1686
user_29,1599
user_249,1622
user_143,1553
user_301,1263
user_308,1252
user_27,1627
user_358,1365
user_252,1716
user_117,1630
user_174,1681
user_318,1235
user_164,1679
user_100,1626
user_337,1252
user_183,1568
user_207,1440
user_137,1235
user_22,1633
user_291,1412
user_69,1520
user_289,1361
user_326,1251
user_257,1328
user_273,1656
user_296,1236
user_221,1725
user_73,1623
user_268,1747
user_135,1447
user_160,1184
user_263,1270
user_114,1690
user_70,1581
user_162,1439
user_344,1462
user_157,1578
user_194,1750
user_2,1651
user_184,1641
user_19,1581
user_152,1744
user_32,1438
user_9,1545
user_132,1580
user_134,1549
user_383,1234
user_283,1712
user_170,1364
user_335,1264
user_322,1409
user_215,1638
user_290,1272
user_199,1544
user_334,1184
user_31,1695
user_239,1265
user_93,1649
user_86,1647
user_328,1368
user_133,1696
user_65,1631
user_39,1652
user_288,1354
user_30,1701
user_346,1227
user_370,1218
user_362,1166
user_544,1212
user_319,1220
user_250,1833
user_79,1967
user_97,2296
user_59,2338
user_23,1855
user_87,1807
user_190,1854
user_80,1689
user_63,1848
user_127,2327
user_213,1683
user_33,1855
user_373,1324
user_366,1263
user_90,2337
user_354,1444
user_432,1227
user_409,1287
user_67,1821
user_433,1287
user_168,2340
user_21,2385
user_306,1282
user_369,1394
user_136,1695
user_142,1854
user_147,2180
user_455,1272
user_236,2190
user_426,1265
user_104,2253
user_563,1218
user_483,1309
user_285,1327
user_518,1224
user_54,1355
user_200,2377
user_16,2358
user_84,2356
user_453,1290
user_582,1164
user_416,1370
user_474,1353
user_527,1331
user_293,1369
user_303,1479
user_516,1353
user_395,1406
user_557,1184
user_577,1185
user_278,1340
user_531,1215
user_542,1392
user_399,1210
user_404,1245
user_537,1233
user_538,1335
user_508,1282
user_413,1249
user_248,1413
user_414,1281
user_608,1269
user_503,1327
user_476,1400
user_401,1425
user_574,1277
user_530,1311
user_231,1418
user_443,1310
user_506,1382
user_430,1425
user_440,1430
user_600,1168
user_462,1312
user_562,1295
user_514,1416
user_534,1328
user_360,1315
user_472,1411
user_365,1468
user_525,1323
user_501,1383
user_434,1310
user_490,1413
user_539,1289
user_345,1448
user_687,1185
user_495,1314
user_553,1385
user_605,1451
user_671,1435
user_429,1432
user_586,1309
user_439,1442
user_559,1309
user_585,1309
user_408,1450
user_111,1710
user_181,1707
user_367,1438
user_488,1438
user_551,1313
user_661,1351
user_519,1480
user_629,1324
user_464,1497
user_444,1505
user_196,1965
user_371,1435
user_166,1319
user_398,1463
user_612,1292
user_560,1487
user_226,1530
user_4,1645
user_635,1525
user_237,1489
user_11,1532
user_372,1443
user_109,1697
user_131,1748
user_333,1108
user_254,1669
user_5,1633
user_125,1469
user_140,1522
user_204,1575
user_130,1700
user_214,1709
user_128,1672
user_381,1304
user_203,1655
user_310,1378
user_51,1704
user_330,1514
user_400,1538
user_575,1379
user_379,1511
user_465,1466
user_436,1523
user_592,1331
user_446,1355
user_368,1512
user_412,1476
user_556,1377
user_461,1365
user_438,1356
user_452,1463
user_583,1329
user_610,1339
user_627,1342
user_280,1824
user_68,1647
user_305,1245
user_431,1468
user_261,1375
user_363,1200
user_294,1243
user_240,1444
user_225,1496
user_64,1526
user_105,1528
user_342,1289
user_45,1573
user_298,1180
user_53,1987
user_71,1683
user_279,1170
user_36,1464
user_1,1572
user_277,1715
user_304,1748
user_323,1305
user_89,1647
user_171,1314
user_220,1658
user_98,1801
user_77,1582
user_110,1632
user_55,1533
user_154,1633
user_262,1369
user_12,1698
user_74,1657
user_260,1328
user_187,2193
user_123,1533
user_46,1592
user_352,1182
user_244,1510
user_118,1586
user_66,1524
user_149,1644
user_314,1275
user_500,1205
user_169,1575
user_107,1574
user_95,1570
user_188,1582
user_18,1621
user_179,1689
user_197,1637
user_40,1537
user_26,1540
user_177,1579
user_178,1190
user_146,1652
user_81,1637
user_353,1293
user_139,1638
user_458,1503
user_216,1641
user_311,1247
user_517,1493
user_616,1374
user_227,1623
user_233,1281
user_466,1489
user_316,1451
user_159,1683
user_637,1522
user_10,1554
user_259,1577
user_554,1364
user_558,1466
user_555,1414
user_552,1355
user_617,1247
user_482,1561
user_415,1515
user_634,1386
user_494,1505
user_504,1508
user_470,1544
user_332,1532
user_341,1689
user_191,2126
user_437,1528
user_541,1536
user_286,1818
user_348,1691
user_650,1425
user_513,1485
user_591,1240
user_424,1529
user_685,1389
user_588,1396
user_668,1229
user_228,1438
user_628,1384
user_423,1542
user_545,1446
user_522,1505
user_665,1252
user_396,1565
user_425,1545
user_253,1575
user_442,1535
user_686,1241
user_526,1513
user_512,1499
user_315,1438
user_502,1497
user_566,1560
user_405,1572
user_389,1272
user_571,1423
user_448,1548
user_376,1405
user_243,1275
user_528,1347
user_487,1547
user_678,1260
user_614,1577
user_419,1553
user_521,1547
user_484,1548
user_547,1531
user_471,1549
user_463,1465
user_418,1575
user_406,1576
user_427,1571
user_420,1570
user_524,1464
user_473,1546
user_489,1530
user_292,1589
user_375,1588
user_499,1594
user_417,1270
user_447,1552
user_515,1527
user_402,1582
user_386,1452
user_205,1162
user_510,1562
user_449,1491
user_361,1642
user_652,1395
user_676,1445
user_639,1362
user_578,1465
user_658,1577
user_486,1593
user_497,1434
user_520,1423
user_602,1452
user_694,1323
user_565,1397
user_580,1487
user_222,1455
user_677,1326
user_638,1382
user_695,1377
user_599,1471
user_659,1413
user_421,1697
user_540,1593
user_211,1263
user_505,1309
user_672,1477
user_450,1632
user_321,1685
user_647,1545
user_615,1516
user_475,1622
user_624,1496
user_469,1635
user_245,1718
user_460,1646
user_468,1635
user_673,1353
user_656,1552
user_532,1632
user_667,1354
user_511,1609
user_644,1538
user_492,1642
user_533,1627
user_633,1524
user_664,1420
user_621,1419
user_269,1526
user_217,1263
user_698,1312
user_549,1345
user_679,1405
user_572,1559
user_663,1426
user_481,1703
user_445,1772
user_643,1598
user_630,1473
user_620,1592
user_441,1551
user_478,1704
user_397,1732
user_422,1595
user_561,1564
user_312,1895
user_597,1564
user_657,1505
user_479,1563
user_428,1599
user_498,1712
user_590,1561
user_480,1726
user_581,1686
user_546,1354
user_623,1552
user_336,1434
user_509,1583
user_410,1725
user_611,1591
user_604,1571
user_347,1625
user_690,1476
user_609,1575
user_529,1511
user_485,1542
user_646,1537
user_640,1570
user_618,1560
user_507,1511
user_596,1599
user_688,1458
user_451,1724
user_595,1617
user_606,1606
user_536,1548
user_467,1560
user_477,1537
user_274,1336
user_543,1536
user_680,1593
user_569,1602
user_307,1580
user_641,1487
user_457,1716
user_670,1589
user_601,1585
user_682,1350
user_349,1502
user_91,1671
user_380,1543
user_645,1565
user_102,1342
user_625,1477
user_626,1602
user_662,1548
user_660,1538
user_120,1372
user_145,1111
user_394,1660
user_655,1579
user_598,1635
user_573,1635
user_697,1477
user_241,1429
user_377,1582
user_454,1626
user_593,1609
user_631,1633
user_535,1640
user_622,1663
user_570,1652
user_325,1578
user_636,1549
user_25,1229
user_653,1581
user_579,1654
user_568,1666
user_681,1523
user_83,1484
user_281,1489
user_642,1711
user_584,1716
user_648,1719
user_692,1418
user_62,1741
user_654,1661
user_403,1715
user_548,1732
user_651,1661
user_567,1511
user_619,1632
user_607,1375
user_523,1564
user_613,1521
user_674,1733
user_550,1747
user_669,1525
user_683,1568
user_696,1793
user_684,1566
user_435,1673
user_587,1906
user_92,1588
user_666,1752
user_387,2392
user_331,2147
user_50,1650
user_693,2001
user_196,358
user_252,767
user_550,273
user_129,1712
user_121,1860
user_691,2084
user_390,1786
user_543,195
user_576,1977
user_632,2045
user_675,2052
user_603,2200
user_689,2049
user_649,2149
user_6,1986
user_226,409
user_3,1683
user_645,261
user_90,1170
user_338,1446
user_54,1116
user_82,1449
user_72,1129
user_151,1446
user_373,1173
user_41,1226
user_293,1088
user_357,2648
user_63,1197
user_411,2498
user_407,2494
user_456,2492
user_459,2493
user_33,1290
user_388,1585
user_306,1272
user_44,1564
user_79,1316
user_699,2014
user_42,1614
user_362,1086
user_148,1607
user_58,1563
user_300,1567
user_343,1357
user_564,1978
user_119,1599
user_455,1252
user_0,1405
user_392,1572
user_230,1391
user_43,1696
user_218,1593
user_474,1214
user_17,1573
user_87,1306
user_313,1390
user_609,444
user_75,1622
user_680,446
user_282,1612
user_91,450
user_570,405
user_167,1392
user_371,634
user_24,1359
user_382,4248
user_60,1376
user_457,451
user_168,1128
user_491,2641
user_103,1812
user_544,1391
user_219,1685
user_23,1122
user_324,1670
user_467,484
user_447,811
user_536,483
user_434,654
user_525,654
user_601,488
user_613,649
user_307,485
user_213,1303
user_569,486
user_194,1108
user_96,1662
user_188,737
user_262,1144
user_662,491
user_59,1220
user_124,986
user_375,1076
user_266,1066
user_405,1086
user_385,1011
user_476,663
user_401,663
user_76,1497
user_287,1701
user_594,2165
user_258,1698
user_351,1706
user_112,1078
user_176,1499
user_235,1497
user_142,1345
user_519,1203
user_246,1969
user_232,2039
user_159,832
user_421,959
user_208,1980
user_560,748
user_237,748
user_589,2029
user_171,1212
user_30,1189
user_94,1538
user_201,1854
user_236,1417
user_393,2228
user_22,1177
user_13,1149
user_368,1246
user_556,1245
user_458,1205
user_154,1233
user_677,1095
user_681,617
user_638,993
user_669,705
user_423,894
user_646,591
user_408,766
user_256,1581
user_242,1440
user_359,1110
user_182,1094
user_106,1171
user_81,1223
user_149,846
user_49,1774
user_523,680
user_15,1168
user_47,1116
user_664,1087
user_493,2803
user_496,2884
user_647,1122
user_62,671
user_426,1405
user_378,1175
user_265,1136
user_444,799
user_98,853
user_173,1167
user_117,1251
user_101,1160
user_249,1227
user_297,1216
user_223,1167
user_69,1274
user_364,1183
user_56,1862
user_269,1155
user_450,1184
user_276,1234
user_243,1257
user_39,1309
user_329,1185
user_302,1182
user_20,1167
user_113,1287
user_633,1148
user_337,1292
user_469,1144
user_116,1253
user_533,1147
user_484,1279
user_271,1262
user_350,1216
user_260,1359
user_146,1345
user_165,1214
user_126,1215
user_48,1219
user_275,1215
user_644,1161
user_340,1287
user_55,1374
user_358,1317
user_317,1287
user_139,1356
user_78,1274
user_57,1278
user_193,1288
user_46,1396
user_224,1265
user_189,1263
user_85,1282
user_419,1352
user_7,1341
user_659,1288
user_255,1281
user_161,1331
user_500,1417
user_339,1349
user_156,1336
user_374,1340
user_138,1341
user_29,1349
user_209,1331
user_602,1312
user_144,1371
user_52,1370
user_164,1405
user_9,1425
user_323,1462
user_389,1387
user_386,1172
user_234,1377
user_318,1399
user_150,1371
user_99,1368
user_172,1361
user_205,1173
user_77,1460
user_326,1402
user_100,1414
user_155,1370
user_70,1412
user_327,1373
user_153,1375
user_198,1379
user_35,1363
user_170,1421
user_122,1374
user_108,1974
user_61,1378
user_545,1458
user_206,1427
user_272,1361
user_141,1439
user_267,1415
user_511,1308
user_251,1360
user_160,1465
user_437,1492
user_356,1440
user_207,1471
user_288,1511
user_301,1470
user_321,1316
user_308,1477
user_152,1492
user_143,1467
user_355,1449
user_202,2046
user_309,1438
user_482,1164
user_352,1518
user_448,1460
user_187,1524
user_283,1496
user_183,1507
user_322,1951
user_512,1219
user_38,1467
user_257,1507
user_665,1512
user_28,1463
user_134,1526
user_114,1522
user_190,1644
user_225,1571
user_596,1285
user_66,1558
user_105,1579
user_238,2099
user_133,1586
user_348,1573
user_26,1595
user_261,1619
user_197,1595
user_264,1539
user_2,1583
user_135,1580
user_335,2019
user_501,1688
user_320,2145
user_88,2160
user_503,1709
user_565,1378
user_418,1311
user_497,1366
user_605,1699
user_636,1326
user_425,1289
user_31,1260
user_573,1327
user_210,2180
user_384,2161
user_174,1566
user_247,1537
user_342,1209
user_10,1261
user_37,1562
user_140,1672
user_107,1611
user_128,1674
user_600,1706
user_592,1666
user_64,1640
user_203,1193
user_431,1631
user_372,1665
user_591,1267
user_125,1192
user_438,1685
user_588,1316
user_285,1836
user_366,1753
user_552,1311
user_574,1758
user_250,1734
user_270,2197
user_21,1774
user_51,1698
user_268,1628
user_370,1731
user_222,1434
user_504,1316
user_334,1323
user_582,1858
user_65,1623
user_169,1251
user_333,1213
user_404,1124
user_97,1704
user_158,1560
user_305,1641
user_212,1573
user_353,1241
user_400,1251
user_5,1244
user_181,1724
user_473,1362
user_286,1351
user_629,1747
user_553,1234
user_277,1292
user_642,1345
user_694,1476
user_420,1408
user_18,1333
user_604,1448
user_442,1385
user_417,1413
user_463,1411
user_655,1431
user_259,1366
user_676,1453
user_215,1697
user_95,1341
user_19,1697
user_180,2262
user_452,1316
user_530,1824
user_697,1445
user_635,1275
user_130,1309
user_398,1288
user_53,1326
user_303,1943
user_515,1436
user_163,1625
user_537,1249
user_521,1444
user_127,1837
user_534,1286
user_528,1444
user_422,1510
user_614,1444
user_517,1398
user_618,1486
user_415,1396
user_433,1853
user_131,1799
user_658,1490
user_399,1890
user_214,1323
user_414,1847
user_109,1319
user_304,1331
user_273,1701
user_40,1364
user_80,1818
user_330,1328
user_541,1375
user_216,1364
user_571,1406
user_263,1702
user_12,1339
user_583,1305
user_74,1763
user_485,1488
user_668,1412
user_617,1441
user_531,1299
user_443,1326
user_445,1563
user_16,1979
user_628,1464
user_464,1348
user_344,1768
user_461,1382
user_200,1978
user_432,1899
user_505,1570
user_586,1339
user_671,1338
user_383,1731
user_672,1600
user_451,1534
user_687,1356
user_132,1777
user_520,1557
user_191,1451
user_567,1223
user_667,1632
user_481,1595
user_462,1896
user_1,1408
user_199,1806
user_615,1626
user_239,1808
user_436,1441
user_578,1554
user_471,1503
user_186,1750
user_67,1908
user_289,1776
user_527,2011
user_502,1426
user_195,1820
user_346,1871
user_136,1954
user_8,1689
user_192,1740
user_480,1209
user_177,1431
user_598,1522
user_483,1984
user_466,1398
user_227,1506
user_391,1676
user_11,1318
user_157,1727
user_253,1491
user_599,1630
user_449,1544
user_104,1929
user_291,1817
user_572,1160
user_540,1573
user_354,1915
user_403,1263
user_115,1789
user_558,1507
user_626,1585
user_68,1778
user_486,1595
user_137,1816
user_363,1346
user_166,1288
user_406,1447
user_487,1434
user_639,1479
user_563,1928
user_89,1351
user_575,1316
user_561,1505
user_45,1754
user_654,1383
user_547,1488
user_93,1790
user_118,1425
user_396,1493
user_440,1884
user_84,2003
user_314,1430
user_298,1844
user_453,2029
user_292,1519
user_179,1422
user_32,1800
user_508,1939
user_369,1994
user_376,1597
user_555,1553
user_516,1394
user_245,1716
user_123,1519
user_296,1864
user_394,1198
user_518,2049
user_290,1562
user_492,1726
user_587,1256
user_86,1542
user_472,1451
user_311,1558
user_332,1563
user_621,1754
user_475,1724
user_395,1311
user_279,1403
user_110,1422
user_319,1865
user_612,1358
user_698,1130
user_184,1798
user_637,1576
user_620,1591
user_228,1599
user_611,1289
user_231,1459
user_643,1697
user_145,1668
user_656,1753
user_494,1578
user_539,1470
user_361,1667
user_524,1627
user_692,1357
user_211,1718
user_640,1664
user_488,1509
user_686,1602
user_409,2043
user_430,1473
user_607,1374
user_513,1587
user_446,1526
user_221,1888
user_510,1670
user_507,1305
user_688,1666
user_27,1900
user_295,1782
user_490,1348
user_660,1235
user_439,1497
user_522,1612
user_526,1601
user_328,1936
user_365,1466
user_593,1321
user_577,1447
user_695,1597
user_470,1458
user_619,1584
user_610,1546
user_685,1519
user_651,1373
user_627,1544
user_634,1450
user_585,1290
user_554,1471
user_299,1829
user_341,1563
user_229,1795
user_34,1731
user_616,1578
user_381,1381
user_548,1264
user_542,1448
user_294,1402
user_4,1366
user_650,1598
user_204,1539
user_284,1684
user_345,1532
user_102,1369
user_670,1364
user_509,1354
user_278,1484
user_454,1377
user_657,1342
user_274,1364
user_590,1343
user_254,1376
user_162,1931
user_240,1953
user_566,1615
user_416,2012
user_316,1471
user_280,1518
user_624,1752
user_220,1459
user_579,1394
user_514,1542
user_546,1370
user_562,1549
user_244,1639
user_673,1743
user_185,1880
user_625,1656
user_479,1389
user_424,1597
user_310,1509
user_499,1495
user_147,2105
user_111,1564
user_427,1519
user_315,1668
user_25,1338
user_465,1405
user_538,1524
user_580,1808
user_608,1551
user_178,1446
user_460,1740
user_581,1373
user_397,1357
user_551,1777
user_661,1782
user_666,1474
user_584,1643
user_429,1768
user_410,1587
user_631,1629
user_477,1615
user_506,1783
user_379,1847
user_367,1801
user_312,1598
user_349,1620
user_217,1591
user_559,1840
user_83,1467
user_441,1363
user_682,1409
user_325,1421
user_360,1841
user_595,1678
user_495,1855
user_691,1491
user_696,1466
user_347,1677
user_623,1677
user_241,1694
user_678,2006
user_478,1662
user_489,2015
user_638,1085
user_529,1676
user_92,1624
user_622,1723
user_336,1666
user_377,1697
user_690,1678
user_248,1825
user_683,1607
user_606,1709
user_557,1832
user_338,1525
user_603,1578
user_6,1570
user_543,1603
user_535,1812
user_3,1567
user_576,1613
user_556,1222
user_36,2045
user_652,2183
user_71,2471
user_675,1603
user_525,1323
user_674,1918
user_201,1255
user_649,1588
user_121,1626
user_641,1827
user_368,1232
user_54,1600
user_357,1587
user_569,1371
user_570,1404
user_72,1601
user_378,1226
user_645,1614
user_293,1603
user_456,1591
user_194,1378
user_653,1896
user_129,1690
user_233,2159
user_63,1610
user_307,1395
user_82,1627
user_411,1611
user_491,1423
user_426,1260
user_387,1758
user_351,1373
user_373,1632
user_388,1485
user_262,1403
user_50,1743
user_41,1632
user_375,1398
user_594,1376
user_146,1200
user_689,1749
user_167,1493
user_258,1427
user_632,1758
user_613,1459
user_401,1173
user_226,1754
user_371,1515
user_459,1692
user_151,1712
user_434,1482
user_467,1167
user_182,1340
user_455,1153
user_75,1195
user_343,1181
user_665,1179
user_60,1251
user_79,1219
user_680,1259
user_482,1289
user_42,1278
user_58,1278
user_362,1303
user_300,1304
user_699,1310
user_352,1321
user_119,1350
user_87,1361
user_44,1320
user_33,1384
user_564,1385
user_148,1364
user_313,1402
user_272,1403
user_190,1350
user_230,1412
user_187,1385
user_474,1413
user_382,1451
user_0,1438
user_168,1451
user_17,1440
user_43,1503
user_135,1391
user_392,1545
user_609,1550
user_519,1643
user_219,1566
user_568,2450
user_24,1569
user_23,1579
user_282,1602
user_536,1636
user_281,2833
user_413,2700
user_648,2610
user_663,2542
user_213,1811
user_385,1883
user_117,2019
user_29,1891
user_96,1869
user_523,2053
user_159,1934
user_498,2663
user_630,2660
user_13,1949
user_693,2528
user_154,2087
user_103,1836
user_101,2027
user_30,1944
user_435,2631
user_322,1655
user_243,2004
user_419,1901
user_393,2098
user_236,1948
user_22,1973
user_256,1983
user_149,2045
user_266,1888
user_85,1904
user_252,2505
user_173,2023
user_560,1945
user_165,1968
user_589,1939
user_57,1960
user_669,1963
user_78,1961
user_664,2040
user_324,1849
user_91,1832
user_681,1961
user_597,2711
user_428,2717
user_468,3183
user_532,3187
user_73,3340
user_402,3080
user_549,2714
user_694,1677
user_631,1136
user_128,1743
user_152,1693
user_670,1174
user_251,1634
user_76,1986
user_112,2004
user_237,2020
user_405,1971
user_359,2088
user_140,1757
user_431,1754
user_412,2995
user_113,2071
user_257,1762
user_122,1554
user_207,1712
user_160,1648
user_235,1999
user_697,1674
user_202,1717
user_77,1949
user_679,2756
user_218,1930
user_90,2532
user_283,1737
user_646,2198
user_550,2619
user_438,1773
user_59,1992
user_408,2071
user_318,1561
user_340,1354
user_28,1788
user_120,2807
user_116,2110
user_421,2051
user_407,2520
user_327,1580
user_635,1702
user_473,1761
user_358,1371
user_423,2079
user_171,2077
user_447,1962
user_105,1788
user_437,1746
user_124,2003
user_193,1376
user_49,2186
user_246,2060
user_633,2113
user_208,2067
user_260,2087
user_142,2042
user_662,2009
user_114,1804
user_287,2049
user_176,2031
user_34,1214
user_225,1799
user_476,2010
user_14,3412
user_158,1811
user_617,1089
user_143,1793
user_186,1114
user_303,1753
user_288,1811
user_188,2061
user_175,3464
user_442,1061
user_604,1063
user_335,1913
user_66,1976
user_174,1982
user_183,1954
user_229,1409
user_2,2034
user_400,1955
user_107,1111
user_636,2004
user_215,1162
user_130,1893
user_384,1116
user_284,1334
user_277,1158
user_315,1517
user_270,1127
user_461,1261
user_591,2002
user_530,1184
user_134,1900
user_238,1905
user_125,1118
user_210,1116
user_268,1127
user_372,1125
user_197,1076
user_31,1152
user_285,1171
user_605,1149
user_433,1252
user_503,1148
user_214,1257
user_330,1258
user_286,1194
user_348,1123
user_21,1174
user_600,1167
user_233,1179
user_37,1168
user_12,1280
user_97,1190
user_131,1251
user_525,1243
user_180,1227
user_370,1186
user_420,1217
user_598,1331
user_485,1289
user_212,1200
user_448,2011
user_334,1208
user_592,1192
user_373,1134
user_320,1177
user_305,1222
user_552,1210
user_41,1191
user_169,1226
user_88,1190
user_418,1190
user_357,1231
user_342,1206
user_306,2200
user_553,1256
user_203,1222
user_333,1246
user_133,2220
user_655,1331
user_497,1267
user_573,1278
user_51,1294
user_436,1436
user_263,1397
user_247,1279
user_565,1266
user_74,1398
user_366,1291
user_586,1433
user_417,1345
user_250,1294
user_67,1438
user_501,1265
user_537,1384
user_687,1444
user_615,1450
user_649,1146
user_658,1372
user_273,1374
user_619,1558
user_399,1385
user_109,1375
user_494,1555
user_18,1344
user_65,1296
user_344,1431
user_464,1442
user_83,1515
user_93,1939
user_567,1455
user_480,1451
user_576,1388
user_660,1566
user_481,1455
user_406,1468
user_239,1474
user_453,1473
user_441,1510
user_195,1461
user_321,2153
user_10,2203
user_177,1452
user_289,1478
user_512,2190
user_11,1571
user_227,1481
user_596,2209
user_517,1393
user_588,2194
user_301,2159
user_170,1991
user_425,2212
user_543,1422
user_426,1273
user_641,1390
user_354,1517
user_179,1527
user_191,1508
user_522,1622
user_86,1537
user_68,1519
user_643,1617
user_231,1618
user_332,1538
user_1,1509
user_291,1518
user_507,1620
user_279,1541
user_217,1627
user_587,1548
user_572,1530
user_292,1539
user_118,1537
user_599,1529
user_46,1851
user_627,1637
user_245,1543
user_672,2045
user_432,1509
user_472,1550
user_308,2204
user_656,1630
user_298,1539
user_155,2034
user_575,1534
user_640,1631
user_192,1528
user_628,1519
user_199,1538
user_54,1408
user_9,2038
user_3,1478
user_211,1641
user_410,1664
user_394,1557
user_363,1543
user_311,1558
user_157,1649
user_108,2052
user_296,1553
user_620,1639
user_667,1528
user_376,1555
user_99,2038
user_323,2037
user_228,1637
user_361,1639
user_145,1639
user_516,1558
user_661,1684
user_457,2430
user_518,1545
user_368,1247
user_312,1654
user_612,1553
user_621,1559
user_545,2130
user_486,1542
user_593,1643
user_38,2247
user_221,1666
user_607,1666
user_138,1962
user_671,2093
user_688,1645
user_578,2066
user_162,1723
user_35,2070
user_611,1664
user_541,2120
user_198,2070
user_585,1671
user_391,1649
user_526,1667
user_521,1498
user_483,1570
user_555,1587
user_259,1467
user_115,1573
user_52,2059
user_678,1605
user_527,1571
user_475,1594
user_492,1592
user_520,1570
user_444,1821
user_610,1670
user_445,1559
user_365,1639
user_539,1683
user_676,1479
user_314,1579
user_547,1586
user_614,1500
user_558,1580
user_695,1689
user_515,2198
user_25,1912
user_27,1687
user_618,1512
user_443,1559
user_209,1981
user_319,1594
user_274,1742
user_440,1580
user_234,2114
user_153,2120
user_546,1846
user_548,1762
user_500,2015
user_450,1896
user_295,1666
user_164,2113
user_337,1903
user_644,1914
user_355,2295
user_53,2222
user_48,1926
user_150,2128
user_7,2027
user_100,2132
user_339,2025
user_449,2131
user_269,1907
user_126,1935
user_540,2116
user_110,1561
user_206,2220
user_81,2738
user_172,2140
user_161,2038
user_470,1677
user_223,1898
user_326,2130
user_484,1920
user_381,1785
user_224,1962
user_232,2603
user_8,2085
user_454,1742
user_275,1935
user_304,1505
user_265,1894
user_583,1542
user_189,1964
user_685,1687
user_637,1752
user_634,1762
user_389,2152
user_341,1795
user_249,1922
user_657,1809
user_278,1812
user_686,1755
user_551,1802
user_659,1961
user_132,2165
user_102,1811
user_379,1766
user_271,1947
user_356,2328
user_654,1591
user_511,2233
user_141,2211
user_386,2138
user_561,2113
user_349,1694
user_601,2552
user_294,1807
user_94,2651
user_466,1538
user_380,3332
user_616,1728
user_566,1741
user_346,1685
user_477,1154
user_156,2061
user_331,3243
user_626,1677
user_106,2739
user_6,1359
user_513,1766
user_136,1675
user_533,1963
user_345,1832
user_20,2732
user_692,1776
user_602,2075
user_647,1930
user_70,2174
user_584,1162
user_460,1914
user_463,1568
user_254,1777
user_267,2244
user_488,1778
user_104,2170
user_416,1827
user_651,1758
user_524,1782
user_650,1818
user_127,2283
user_39,1955
user_350,1956
user_316,1815
user_529,1288
user_430,1778
user_652,1488
user_508,1582
user_534,1663
user_201,1426
user_328,1782
user_216,2329
user_369,1689
user_383,1701
user_542,1772
user_98,1995
user_364,2015
user_242,2759
user_45,2172
user_374,2136
user_144,2213
user_89,1683
user_487,2170
user_137,1722
user_452,1621
user_490,1782
user_297,1907
user_569,1413
user_482,1278
user_469,2024
user_478,1351
user_317,1975
user_347,1327
user_398,1644
user_489,1332
user_595,1325
user_509,1895
user_690,1335
user_495,1342
user_92,1333
user_544,2632
user_390,3267
user_458,2730
user_422,2286
user_556,1418
user_506,1834
user_590,1788
user_353,1649
user_240,1897
user_502,1680
user_204,1831
user_338,1463
user_684,3417
user_638,1394
user_594,1569
user_205,2236
user_666,1799
user_309,2317
user_456,1481
user_299,1876
user_123,1736
user_535,1363
user_570,1514
user_69,2013
user_4,1894
user_178,2068
user_554,2140
user_639,1784
user_675,1485
user_72,1515
user_377,1354
user_414,1714
user_63,1547
user_691,1344
user_166,1838
user_665,1469
user_668,1843
user_531,1820
user_375,1627
user_19,1737
user_50,1626
user_401,1190
user_196,3407
user_455,1217
user_411,1618
user_623,1438
user_135,1193
user_696,1447
user_396,1861
user_351,1617
user_23,1072
user_182,1219
user_200,1832
user_371,1191
user_395,1853
user_36,1536
user_683,1479
user_467,1226
user_415,1783
user_264,1659
user_446,1942
user_582,1709
user_146,1650
user_121,1567
user_429,1995
user_184,1896
user_382,1140
user_167,1180
user_409,1943
user_603,1559
user_362,1276
user_504,1691
user_580,2203
user_241,1450
user_510,1944
user_352,1286
user_471,1903
user_219,1084
user_148,1333
user_336,1454
user_60,1266
user_568,1084
user_26,1656
user_119,1369
user_58,1315
user_80,1770
user_151,1200
user_574,1705
user_44,1326
user_343,1241
user_674,1540
user_313,1347
user_79,1253
user_32,1841
user_613,1202
user_699,1320
user_404,1768
user_329,2187
user_459,1272
user_147,2107
user_33,1315
user_253,1840
user_505,1916
user_462,1929
user_24,1138
user_17,1266
user_187,1327
user_194,1603
user_276,2216
user_403,1915
user_392,1248
user_629,1792
user_282,1198
user_387,1713
user_302,2208
user_82,1641
user_272,1390
user_559,1464
user_608,2173
user_493,2170
user_190,1395
user_609,1126
user_642,1808
user_0,1350
user_47,2162
user_663,1194
user_307,1700
user_16,1916
user_281,1112
user_300,1354
user_579,2167
user_388,1695
user_62,2292
user_648,1225
user_139,2343
user_562,2268
user_536,1267
user_181,1711
user_557,1472
user_15,2285
user_244,2279
user_519,1146
user_479,2273
user_42,1482
user_230,1185
user_75,1314
user_168,1363
user_95,1812
user_117,1388
user_30,1399
user_173,1381
user_103,1399
user_78,1278
user_154,1394
user_236,1399
user_22,1400
user_435,1403
user_257,1334
user_266,1409
user_149,1408
user_13,1417
user_213,1473
user_589,1392
user_152,1296
user_385,1417
user_73,1259
user_630,1426
user_597,1431
user_29,1420
user_322,1398
user_251,1366
user_428,1397
user_431,1389
user_160,1393
user_158,1313
user_256,1458
user_393,1466
user_498,1457
user_237,1384
user_532,1427
user_664,1442
user_287,1282
user_91,1454
user_474,1306
user_84,1945
user_255,2439
user_378,1638
user_514,2105
user_581,2112
user_111,2276
user_673,2272
user_310,2271
user_220,2102
user_424,2273
user_262,1624
user_261,1641
user_413,1209
user_280,2262
user_129,1672
user_680,1289
user_248,1494
user_491,1605
user_622,1521
user_499,2097
user_87,1325
user_645,1589
user_606,1543
user_538,2166
user_564,1396
user_290,1860
user_625,2151
user_185,2106
user_71,1624
user_496,2183
user_64,1763
user_434,1628
user_55,2175
user_226,1232
user_670,1365
user_40,1811
user_632,1219
user_258,1205
user_682,1529
user_325,1517
user_653,1611
user_689,1218
user_397,1341
user_193,1298
user_293,1663
user_427,2177
user_43,1285
user_624,2149
user_120,1379
user_34,1316
user_419,1459
user_465,2144
user_56,2317
user_636,1188
user_402,1348
user_523,1467
user_49,1299
user_28,1385
user_186,1310
user_85,1457
user_202,1245
user_468,1437
user_476,1330
user_423,1271
user_165,1476
user_335,1214
user_407,1310
user_697,1395
user_235,1392
user_633,1276
user_14,1338
user_113,1476
user_681,1534
user_128,1368
user_283,1287
user_669,1485
user_124,1277
user_76,1406
user_171,1400
user_143,1439
user_617,1454
user_183,1303
user_66,1322
user_243,1538
user_260,1362
user_140,1529
user_122,1470
user_405,1523
user_662,1415
user_112,1526
user_576,1040
user_208,1473
user_679,1352
user_635,1398
user_560,1529
user_225,1420
user_142,1413
user_90,1435
user_175,1269
user_447,1401
user_646,1376
user_604,1321
user_101,1500
user_77,1395
user_340,1307
user_327,1399
user_246,1315
user_473,1399
user_176,1416
user_105,1401
user_437,1448
user_400,1188
user_114,1503
user_324,1673
user_107,1206
user_277,1347
user_96,1508
user_438,1434
user_442,1480
user_497,1212
user_67,1167
user_421,1396
user_631,1415
user_218,1367
user_359,1515
user_694,1467
user_321,1147
user_59,1405
user_550,1469
user_408,1390
user_174,1159
user_116,1477
user_229,1192
user_207,1536
user_412,1520
user_593,1150
user_268,1430
user_125,1426
user_284,1420
user_215,1394
user_31,1485
user_288,1535
user_598,1514
user_358,1700
user_285,1504
user_188,1617
user_330,1580
user_130,1539
user_21,1611
user_315,1569
user_530,1567
user_286,1624
user_303,1655
user_461,1634
user_372,1645
user_197,1645
user_134,1642
user_384,1636
user_433,1677
user_448,1719
user_210,1828
user_549,2196
user_693,2321
user_57,2321
user_159,2337
user_252,2319
user_599,1828
user_239,1874
user_537,1874
user_541,1862
user_658,1892
user_615,1875
user_263,1942
user_660,1977
user_399,1942
user_133,1850
user_162,1865
user_586,1950
user_279,2007
user_480,2028
user_93,2028
user_605,2190
user_7,1912
user_214,2197
user_366,1967
user_573,1951
user_238,2161
user_436,1975
user_83,2053
user_18,2050
user_223,1916
user_619,2051
user_109,2048
user_10,2064
user_481,2055
user_503,2204
user_38,1981
user_228,2019
user_567,2072
user_687,2002
user_494,2068
user_74,1993
user_406,2073
user_222,3463
user_163,3538
user_563,3617
user_5,3483
user_528,3541
user_439,3718
user_577,3721
user_417,2032
user_97,2277
user_344,2110
user_501,2032
user_507,2099
user_649,2067
user_587,2093
user_177,2139
user_698,3656
user_565,2040
user_195,2129
user_555,2026
user_65,2117
user_441,2129
user_453,2128
user_270,2241
user_367,3766
user_600,2320
user_360,3713
user_571,3628
user_291,2146
user_655,2068
user_247,2088
user_677,4823
user_2,2216
user_451,3669
user_61,4199
user_318,2504
user_10,106
user_222,92
user_464,2193
user_38,95
user_203,1990
user_565,60
user_97,79
user_556,1938
user_164,1545
user_698,76
user_273,2167
user_616,1902
user_367,79
user_177,81
user_201,1898
user_342,2371
user_100,1587
user_591,2346
user_126,1589
user_51,2137
user_371,1723
user_654,1740
user_314,1538
user_234,1573
user_611,1543
user_249,1741
user_54,1508
user_209,1574
user_308,1517
user_492,1567
user_48,2137
user_553,2075
user_678,1583
user_362,1708
user_533,1867
user_312,1557
user_184,1773
user_222,90
user_147,1712
user_169,2046
user_8,1653
user_612,1581
user_545,1572
user_464,102
user_46,1550
user_688,1588
user_97,92
user_698,91
user_177,90
user_654,76
user_520,1635
user_367,93
user_273,103
user_346,1912
user_298,1586
user_672,1585
user_575,1598
user_556,128
user_126,99
user_311,1596
user_425,1554
user_54,93
user_51,112
user_244,1500
user_518,1630
user_370,2523
user_341,2145
user_306,2123
user_232,1716
user_236,1474
user_137,2042
user_488,2111
user_418,2138
user_667,1631
user_234,125
user_255,1375
user_491,1369
user_383,2123
user_682,1307
user_292,1627
user_201,146
user_591,139
user_209,135
user_308,129
user_68,1621
user_678,117
user_1,1635
user_373,2143
user_9,1667
user_654,88
user_612,120
user_307,1504
user_62,1509
user_41,2190
user_296,1688
user_127,2181
user_533,142
user_485,2165
user_464,149
user_152,669
user_222,157
user_71,1392
user_146,1306
user_184,165
user_630,678
user_552,2219
user_4,1139
user_515,1781
user_88,2218
user_553,171
user_415,1305
user_73,1566
user_562,1552
user_666,1157
user_536,1574
user_594,1153
user_297,2161
user_87,1460
user_395,1354
user_496,952
user_181,1577
user_67,1284
user_446,1319
user_352,1476
user_505,1540
user_243,1025
user_33,1539
user_668,1463
user_460,2272
user_157,1774
user_603,1521
user_264,1363
user_151,1563
user_39,2147
user_131,2245
user_675,1217
user_409,1402
user_648,1605
user_392,1586
user_124,1412
user_47,1595
user_382,1414
user_393,1556
user_646,1384
user_538,1528
user_408,1126
user_401,1356
user_321,1342
user_139,1648
user_343,1570
user_24,1592
user_676,1833
user_256,1517
user_699,1974
user_467,1364
user_482,2218
user_154,1652
user_403,1610
user_49,1457
user_617,1412
user_55,1000
user_182,1429
user_329,1581
user_609,1602
user_462,1597
user_529,2196
user_495,2241
user_642,1625
user_613,1608
user_388,1635
user_659,2344
user_652,2284
user_178,1220
user_531,1357
user_411,1355
user_624,1480
user_94,2322
user_200,1438
user_333,2328
user_664,788
user_282,1684
user_260,1402
user_504,1609
user_400,1372
user_44,1609
user_26,1540
user_694,1365
user_478,2295
user_302,1678
user_42,1772
user_194,1623
user_674,1664
user_412,1160
user_91,1613
user_150,2423
user_559,1675
user_158,1562
user_28,1071
user_281,1685
user_442,1339
user_30,1745
user_683,1380
user_629,1693
user_160,1578
user_36,1488
user_166,1305
user_673,1554
user_212,2294
user_338,2359
user_233,2362
user_669,1492
user_123,1238
user_582,1398
user_119,1542
user_557,1738
user_690,2243
user_161,2011
user_581,1541
user_535,2362
user_118,1907
user_23,1487
user_349,2176
user_40,1111
user_602,2339
user_696,2217
user_32,1611
user_116,1264
user_29,1729
user_185,925
user_347,2360
user_650,2288
user_326,2029
user_458,2375
user_525,2392
user_16,1740
user_272,1727
user_579,1742
user_144,2355
user_148,1679
user_348,2818
user_374,2354
user_172,2027
user_574,1733
user_493,1741
user_14,1160
user_608,1728
user_46,377
user_416,2292
user_545,404
user_305,2413
user_15,1816
user_419,1196
user_82,1732
user_592,2447
user_37,2429
user_647,2328
user_421,1610
user_479,1996
user_271,2352
user_510,2270
user_607,2137
user_20,2468
user_145,2107
user_337,2184
user_265,2206
user_463,2464
user_86,2069
user_621,2120
user_670,1492
user_167,2066
user_570,1694
user_465,1475
user_527,2130
user_445,2160
user_486,2110
user_27,2161
user_90,1549
user_500,2180
user_578,2134
user_522,2057
user_138,2118
user_257,1044
user_472,2094
user_640,2088
user_521,2127
user_547,2154
user_644,2178
user_52,2139
user_115,2134
user_628,2091
user_450,2171
user_558,2151
user_671,2122
user_483,2126
user_332,2058
user_551,2336
user_512,2031
user_269,2182
user_78,1042
user_190,1888
user_546,2156
user_35,2112
user_192,2085
user_22,1033
user_432,2080
user_193,1466
user_466,2348
user_381,2123
user_295,2104
user_89,2460
user_497,1627
user_81,2119
user_227,1966
user_339,2119
user_121,2254
user_165,1504
user_196,2334
user_685,2178
user_50,1843
user_444,2074
user_294,2317
user_585,2058
user_31,1681
user_155,2063
user_526,2102
user_275,2392
user_572,2046
user_45,2490
user_98,2439
user_141,2241
user_242,2415
user_636,1223
user_96,1646
user_402,1230
user_508,2398
user_484,2115
user_231,1999
user_620,2035
user_334,2473
user_614,2073
user_278,2281
user_364,2414
user_596,1978
user_6,2346
user_686,2225
user_345,2349
user_108,2033
user_618,2046
user_70,2350
user_420,2439
user_354,1980
user_443,2048
user_468,1205
user_475,2074
user_355,2098
user_208,1243
user_523,1232
user_449,2119
user_189,2116
user_250,2704
user_623,2274
user_626,2347
user_509,2457
user_454,2136
user_259,2069
user_513,2348
user_665,2337
user_230,1913
user_356,2237
user_566,2380
user_224,2120
user_170,1964
user_540,2131
user_245,2013
user_477,2345
user_102,2238
user_379,2234
user_361,2022
user_506,2467
user_211,2011
user_390,2428
user_156,2316
user_206,2087
user_534,2397
user_634,2202
user_376,2019
user_543,1983
user_396,2322
user_426,1970
user_350,2386
user_386,2268
user_171,1246
user_357,2476
user_267,2442
user_104,2330
user_544,2415
user_304,2125
user_276,1955
user_309,2382
user_331,2303
user_595,2399
user_511,2227
user_490,2405
user_489,2408
user_561,2243
user_254,2398
user_92,2428
user_369,2383
user_180,2440
user_299,2441
user_320,2480
user_657,2236
user_452,2423
user_375,2276
user_336,1954
user_389,2109
user_692,2344
user_398,2361
user_58,2161
user_422,2480
user_583,2126
user_688,401
user_216,2394
user_136,2352
user_183,1584
user_377,1774
user_286,1175
user_143,1568
user_79,2082
user_229,1631
user_159,1277
user_399,1079
user_59,1667
user_638,1740
user_253,2098
user_438,1634
user_429,1903
user_125,1746
user_66,1914
user_225,1575
user_684,1759
user_85,1552
user_407,1529
user_134,1209
user_226,1327
user_530,1141
user_21,1195
user_340,1604
user_218,1666
user_207,1722
user_663,2133
user_122,1564
user_84,1130
user_537,1222
user_279,1163
user_378,2076
user_555,1070
user_604,1570
user_358,1175
user_405,1543
user_310,1298
user_632,1505
user_328,2696
user_57,1188
user_112,1600
user_215,1725
user_615,1227
user_439,1125
user_335,1624
user_162,1222
user_372,1346
user_599,1207
user_600,1076
user_188,1195
user_549,1183
user_61,1052
user_366,1150
user_384,1358
user_481,1165
user_2,1051
user_252,1336
user_625,1307
user_433,1271
user_649,1087
user_246,1992
user_423,1590
user_550,1724
user_567,1134
user_541,1208
user_451,1155
user_65,1125
user_288,1140
user_318,1037
user_19,1881
user_106,3019
user_568,2120
user_83,1202
user_293,1487
user_569,1749
user_311,913
user_655,1029
user_576,1787
user_437,1717
user_564,1030
user_135,1896
user_587,1100
user_687,1167
user_261,1134
user_247,1066
user_660,1081
user_501,1119
user_556,918
user_639,1919
user_344,1140
user_43,1488
user_507,1083
user_598,1164
user_528,1136
user_240,1739
user_174,1829
user_691,1927
user_303,1301
user_317,2744
user_163,1165
user_203,1156
user_586,1183
user_577,1038
user_436,1175
user_76,1671
user_239,1223
user_18,1203
user_605,1191
user_494,1142
user_117,1456
user_285,1174
user_360,1192
user_417,1153
user_284,1945
user_133,1252
user_270,1118
user_291,1146
user_205,1905
user_631,2063
user_228,1165
user_54,901
user_573,1155
user_359,1832
user_554,1771
user_263,1081
user_202,1587
user_56,1502
user_220,1519
user_514,1517
user_593,1882
user_431,1317
user_7,1152
user_273,921
user_298,921
user_459,2306
user_606,1521
user_542,2748
user_325,1486
user_353,1708
user_645,1296
user_72,1756
user_565,1203
user_611,1150
user_371,1164
user_120,1495
user_622,1137
user_434,1177
user_693,1173
user_406,1141
user_217,2649
user_114,1993
user_140,1946
user_249,1161
user_342,1177
user_689,1925
user_387,2488
user_653,1876
user_142,1965
user_48,1144
user_461,1899
user_241,2428
user_492,1154
user_100,1188
user_164,1218
user_589,1670
user_13,1655
user_290,1739
user_129,1702
user_173,1644
user_597,1670
user_456,1909
user_427,1488
user_503,1149
user_12,2593
user_11,2053
user_3,2108
user_658,1224
user_237,1127
user_424,1294
user_315,1610
user_168,2038
user_473,1893
user_635,1563
user_93,1222
user_601,2370
user_287,1108
user_74,1125
user_616,1040
user_470,2277
user_677,1034
user_498,1104
user_627,2104
user_428,1087
user_319,2176
user_110,2206
user_75,2009
user_365,2151
user_195,1083
user_25,2167
user_109,1165
user_695,2187
user_103,1079
user_440,2178
user_455,2361
user_69,1768
user_248,1116
user_447,1597
user_5,1166
user_571,1163
user_38,1158
user_132,3041
user_107,1628
user_563,1127
user_10,1170
user_532,1342
user_441,1200
user_619,1146
user_453,1128
user_516,2117
user_197,1188
user_213,1070
user_128,1582
user_175,1772
user_502,1796
user_149,1443
user_448,1360
user_77,1597
user_97,938
user_214,1181
user_662,1789
user_414,1952
user_238,1183
user_283,1942
user_397,1493
user_471,2454
user_480,1035
user_223,1076
user_262,1115
user_63,1843
user_34,1581
user_111,1517
user_575,920
user_268,1784
user_95,2243
user_314,1109
user_380,2481
user_210,1142
user_316,2474
user_323,2110
user_457,2125
user_430,2614
user_487,2599
user_99,2109
user_186,1337
user_610,2233
user_651,2472
user_198,2157
user_179,2074
user_519,2001
user_274,2177
user_191,2095
user_251,1088
user_289,2063
user_697,1343
user_656,2117
user_391,2145
user_80,1906
user_53,2204
user_641,2058
user_301,2069
user_17,1984
user_0,1932
user_584,2478
user_548,2178
user_643,2074
user_153,2741
user_580,2301
user_221,2137
user_199,2104
user_322,1051
user_661,2120
user_204,1740
user_368,2134
user_435,1061
user_469,2534
user_524,2470
user_385,1070
user_637,2226
user_539,2148
user_147,1135
user_680,1693
user_410,2687
user_105,2000
user_560,1601
user_258,1894
user_633,2013
user_235,2013
user_101,2068
user_588,2731
user_327,2078
user_126,1188
user_681,2033
user_266,1752
user_517,2769
user_60,2585
user_130,2095
user_476,2002
user_219,2547
user_330,2100
user_280,1797
user_474,1789
user_277,2126
user_404,2577
user_413,1798
user_679,2065
user_363,2789
user_394,2790
user_169,1243
user_499,1802
user_324,2107
user_8,1272
user_698,1248
user_177,1204
user_64,1997
user_312,1279
user_362,1248
user_491,1243
user_536,1121
user_292,1243
user_232,1263
user_137,1277
user_425,1319
user_51,1296
user_244,1393
user_308,1426
user_346,1484
user_236,1463
user_682,1446
user_667,1438
user_370,1485
user_591,1432
user_518,1485
user_201,1470
user_152,1408
user_520,1531
user_234,1486
user_418,1482
user_367,1577
user_222,1660
user_127,1693
user_672,1817
user_678,1749
user_1,1741
user_187,3224
user_373,1741
user_113,2657
user_313,3209
user_300,3253
user_351,2983
user_476,108
user_590,3876
user_204,653
user_176,3009
user_51,146
user_312,122
user_699,1407
user_31,916
user_166,1466
user_201,290
user_200,1443
user_127,58
user_243,1699
user_474,141
user_49,1441
user_9,1802
user_28,1475
user_296,1780
user_421,906
user_30,1611
user_521,953
user_33,1738
user_392,1453
user_160,1514
user_367,111
user_597,815
user_94,1496
user_654,1840
user_403,1477
user_47,1655
user_68,1855
user_329,1488
user_609,1494
user_669,1558
user_495,1517
user_482,1486
user_427,617
user_538,1505
user_182,1504
user_672,122
user_589,836
user_105,762
user_37,1370
user_412,1531
user_373,115
user_123,1582
user_187,128
user_613,1525
user_282,1540
user_5,844
user_153,708
user_647,1393
user_223,724
user_193,1038
user_338,1616
user_478,1565
user_321,1560
user_411,1593
user_302,1594
user_678,193
user_313,178
user_127,167
user_476,250
user_40,1301
user_445,1126
user_559,1668
user_316,856
user_296,213
user_572,1152
user_154,1644
user_535,1747
user_641,842
user_113,266
user_504,1664
user_488,2080
user_546,1179
user_306,2099
user_352,1958
user_458,1352
user_489,699
user_201,270
user_343,1682
user_27,1164
user_31,268
user_211,699
user_45,1187
user_638,718
user_41,2024
user_548,877
user_533,2026
user_194,1724
user_46,1437
user_228,759
user_22,1195
user_16,1371
user_15,1439
user_273,778
user_270,765
user_586,763
user_200,293
user_564,761
user_494,771
user_351,314
user_116,1372
user_485,2044
user_426,746
user_540,749
user_32,1386
user_185,1395
user_496,2020
user_36,1884
user_336,760
user_657,762
user_630,2049
user_243,325
user_49,318
user_295,1437
user_590,342
user_1,369
user_33,301
user_392,295
user_383,2165
user_9,332
user_256,1790
user_464,2119
user_72,891
user_255,2192
user_62,2136
user_257,1387
user_409,1880
user_388,1911
user_78,1394
user_158,1927
user_294,1403
user_26,2057
user_673,1968
user_156,928
user_183,929
user_209,2301
user_661,1110
user_631,973
user_238,1105
user_669,435
user_71,2221
user_649,939
user_592,1992
user_539,1180
user_443,935
user_366,942
user_379,926
user_617,1928
user_245,930
user_528,970
user_307,2281
user_44,1969
user_42,1983
user_529,1965
user_467,1955
user_629,1990
user_646,1953
user_139,1969
user_401,1956
user_462,1974
user_246,977
user_91,1991
user_644,1463
user_155,1478
user_233,2039
user_55,1985
user_415,2248
user_558,1474
user_269,1472
user_430,1270
user_512,1471
user_212,2038
user_81,1429
user_279,945
user_454,931
user_7,996
user_422,939
user_659,1983
user_150,1991
user_532,1104
user_333,1995
user_23,1699
user_148,1724
user_510,1516
user_131,2213
user_672,555
user_624,2076
user_466,930
user_29,2150
user_493,2124
user_13,1174
user_545,1807
user_162,945
user_695,1111
user_373,548
user_12,1042
user_159,942
user_322,1342
user_693,1035
user_691,976
user_460,2186
user_684,946
user_121,1443
user_240,976
user_135,966
user_196,1475
user_393,2034
user_432,1540
user_192,1543
user_525,1715
user_61,1075
user_474,639
user_20,1821
user_567,1097
user_354,1079
user_442,2229
user_674,1997
user_95,1238
user_605,1139
user_670,1828
user_381,1773
user_553,2366
user_618,1106
user_692,1105
user_690,2186
user_35,1072
user_63,1111
user_652,2066
user_364,1107
user_138,1792
user_574,1775
user_408,2094
user_483,1593
user_650,1756
user_241,1219
user_585,1747
user_39,2253
user_347,1756
user_83,1126
user_86,1566
user_227,1593
user_302,526
user_465,1073
user_416,1803
user_581,1852
user_594,2369
user_395,2363
user_93,1185
user_73,2373
user_664,2078
user_90,1610
user_272,1798
user_602,1781
user_326,1789
user_612,2452
user_247,1173
user_281,2291
user_472,1626
user_275,1814
user_182,644
user_526,1644
user_438,1157
user_421,688
user_463,1615
user_24,2146
user_694,2176
user_461,1275
user_190,1664
user_505,2434
user_297,2430
user_341,2583
user_264,2296
user_172,1843
user_497,1845
user_30,706
user_551,1667
user_450,1656
user_608,1840
user_552,2442
user_419,1922
user_28,696
user_603,2385
user_642,2186
user_115,1665
user_676,2171
user_418,1105
user_348,1870
user_671,1629
user_444,1631
user_446,2468
user_531,2354
user_166,725
user_87,2420
user_374,1870
user_396,1177
user_339,1175
user_683,2201
user_105,650
user_648,2313
user_34,1350
user_475,1185
user_384,1271
user_621,1716
user_579,1915
user_157,2364
user_82,1920
user_557,2264
user_587,1298
user_151,2404
user_696,1897
user_668,2521
user_639,1215
user_400,2160
user_146,2572
user_382,2457
user_67,2555
user_562,2558
user_88,2558
user_675,2446
user_515,2558
user_4,2576
user_305,2060
user_682,1207
user_184,2582
user_102,1359
user_117,1401
user_481,1375
user_318,1403
user_390,1365
user_331,1367
user_108,1362
user_134,1373
user_85,1375
user_686,1372
user_534,1372
user_687,1385
user_479,1822
user_355,1362
user_595,1374
user_17,1553
user_122,1382
user_265,1826
user_469,1625
user_451,1386
user_285,1414
user_59,1381
user_250,1371
user_626,1372
user_500,1342
user_137,1095
user_550,1386
user_555,1379
user_230,1372
user_293,1499
user_399,1384
user_242,1360
user_107,1497
user_643,1564
user_358,1383
user_301,1567
user_291,1427
user_663,1397
user_344,1423
user_519,1553
user_578,1864
user_224,1399
user_611,1472
user_50,1399
user_252,1416
user_359,1444
user_52,1355
user_286,1405
user_580,1584
user_356,1404
user_614,1401
user_263,1430
user_98,1370
user_65,1400
user_606,1484
user_453,1530
user_70,1398
user_79,1416
user_10,1530
user_310,1415
user_387,1507
user_498,1504
user_658,1521
user_625,1418
user_340,1410
user_662,1575
user_357,1388
user_565,1490
user_170,1402
user_524,1655
user_251,1552
user_54,1448
user_66,1398
user_492,1515
user_229,1414
user_220,1417
user_369,1372
user_188,1496
user_459,1451
user_371,1471
user_543,1380
user_140,1478
user_261,1390
user_309,1379
user_645,1468
user_75,1695
user_18,1426
user_350,1394
user_372,1398
user_542,1452
user_112,1384
user_349,2012
user_410,1640
user_407,1413
user_577,1414
user_637,1692
user_376,1441
user_303,1482
user_361,1439
user_6,1437
user_129,1766
user_627,1759
user_385,1705
user_74,1523
user_436,1491
user_327,1125
user_124,2414
user_186,1616
user_325,1455
user_607,1902
user_549,1464
user_423,1466
user_568,1456
user_161,2526
user_53,1731
user_167,1911
user_290,1558
user_615,1453
user_477,1448
user_106,1388
user_320,1450
user_530,1451
user_311,1465
user_523,1454
user_506,1443
user_509,1441
user_284,1589
user_420,1452
user_345,1445
user_656,1634
user_218,1461
user_365,1493
user_56,1486
user_368,1710
user_217,1567
user_144,2538
user_573,1507
user_239,1492
user_576,1469
user_133,1507
user_21,1486
user_600,1475
user_169,1158
user_253,1459
user_125,1465
user_268,1632
user_143,1484
user_259,1456
user_165,1448
user_439,1488
user_234,1333
user_470,1620
user_0,1776
user_207,1504
user_544,1495
user_584,1657
user_561,1448
user_527,1923
user_563,1589
user_635,1766
user_14,2536
user_2,1508
user_397,1581
user_100,1828
user_620,1446
user_394,1165
user_503,1792
user_118,2566
user_271,1947
user_697,1674
user_164,1848
user_588,1151
user_681,1697
user_57,1461
user_437,1513
user_346,1355
user_163,1536
user_77,1624
user_299,1460
user_317,1624
user_142,1835
user_260,2566
user_413,1199
user_513,1495
user_486,1964
user_216,1665
user_315,1767
user_633,1194
user_685,1825
user_332,1943
user_319,1776
user_258,1660
user_435,1750
user_433,1510
user_541,1533
user_452,1498
user_199,1659
user_92,1493
user_283,1640
user_126,1190
user_136,1558
user_484,1561
user_189,1563
user_335,1571
user_141,1482
user_48,1892
user_680,1711
user_471,1739
user_203,1563
user_288,1536
user_58,1520
user_289,1799
user_60,1164
user_145,1976
user_206,1517
user_179,1697
user_249,1904
user_337,1976
user_232,1218
user_174,1602
user_480,1655
user_556,1558
user_324,1158
user_457,1737
user_598,1601
user_219,1165
user_599,1531
user_267,1378
user_244,1422
user_429,1567
user_522,1530
user_655,1535
user_314,1621
user_518,1423
user_235,1743
user_593,1485
user_152,1424
user_596,1460
user_149,1583
user_507,1557
user_628,2041
user_417,1561
user_547,1488
user_221,1744
user_262,1619
user_502,1579
user_198,1842
user_405,1560
user_101,1234
user_632,1530
user_660,1491
user_490,1378
user_8,1267
user_69,1565
user_360,1485
user_511,1445
user_583,1377
user_440,1576
user_424,1789
user_677,1820
user_99,1677
user_406,1915
user_517,1217
user_666,2833
user_197,1643
user_97,1613
user_601,1843
user_380,1782
user_487,1677
user_688,1412
user_236,1379
user_168,1882
user_362,1207
user_147,1751
user_11,1888
user_210,1784
user_173,1579
user_616,1787
user_604,1492
user_441,1837
user_323,1805
user_64,1264
user_254,1502
user_110,1777
user_514,1563
user_109,1642
user_38,1587
user_455,1577
user_448,1688
user_456,1808
user_287,1523
user_363,1156
user_330,1176
user_386,1451
user_591,1424
user_425,1247
user_554,1605
user_398,1532
user_391,1677
user_499,1146
user_205,1612
user_560,1733
user_171,1463
user_111,1643
user_571,1588
user_636,1449
user_132,1621
user_195,1883
user_404,1157
user_449,1642
user_623,1846
user_191,1699
user_377,1524
user_104,1523
user_103,1618
user_114,1841
user_622,1852
user_575,1633
user_634,1441
user_516,1568
user_473,1522
user_3,1570
user_665,1558
user_414,1626
user_353,1539
user_181,2740
user_428,1800
user_537,1658
user_308,1510
user_231,1648
user_202,1694
user_667,1509
user_213,1775
user_120,1739
user_89,1773
user_520,1514
user_619,1589
user_175,1581
user_651,1782
user_248,1584
user_214,1733
user_521,1200
user_237,1614
user_378,1509
user_19,1459
user_119,2562
user_178,2566
user_266,1223
user_402,1527
user_679,1198
user_328,1818
user_491,1217
user_128,1623
user_334,1519
user_689,1807
user_342,1511
user_25,1616
user_177,1169
user_226,1463
user_43,1445
user_84,1415
user_653,1670
user_215,1492
user_431,1608
user_582,2583
user_130,1257
user_280,1218
user_610,1632
user_277,1163
user_298,1728
user_536,1217
user_569,1495
user_274,1779
user_80,1680
user_292,1237
user_370,1361
user_570,1922
user_698,1183
user_300,1342
user_176,1342
user_313,1188
user_47,1287
user_160,1300
user_204,1373
user_96,1792
user_647,1286
user_640,2309
user_51,1411
user_304,1958
user_94,1471
user_403,1468
user_389,1982
user_609,1499
user_482,1546
user_329,1555
user_193,1490
user_187,1533
user_427,1547
user_538,1548
user_312,1658
user_68,1596
user_5,1565
user_9,1307
user_123,1572
user_127,1486
user_392,1320
user_494,1364
user_638,1377
user_225,2129
user_585,1008
user_347,621
user_155,1148
user_699,1736
user_367,1682
user_516,535
user_354,1102
user_396,816
user_294,1113
user_413,479
user_173,543
user_168,545
user_132,553
user_377,558
user_237,434
user_266,437
user_344,694
user_667,650
user_310,711
user_358,713
user_277,470
user_375,2335
user_274,480
user_536,482
user_103,639
user_180,2358
user_26,1441
user_412,1846
user_447,2678
user_468,2365
user_434,2711
user_276,2366
user_501,2394
user_278,2357
user_16,1639
user_205,666
user_76,2401
user_589,1847
user_41,1659
user_644,1391
user_270,1657
user_116,1649
user_40,1718
user_55,1386
user_273,1669
user_49,1617
user_581,887
user_352,1677
user_483,885
user_652,888
user_138,885
user_364,894
user_285,788
user_605,1304
user_156,1470
user_303,869
user_553,891
user_302,902
user_416,908
user_650,898
user_241,889
user_36,1649
user_594,905
user_445,1735
user_395,898
user_597,1920
user_47,477
user_676,1023
user_283,813
user_227,905
user_220,1022
user_211,1732
user_656,918
user_495,1959
user_153,1933
user_504,1740
user_62,1648
user_411,1877
user_98,1018
user_637,878
user_612,1001
user_641,1742
user_526,1022
user_379,1400
user_548,1737
user_452,742
user_535,1780
user_474,1351
user_223,1930
user_362,772
user_259,737
user_697,742
user_256,1677
user_139,1428
user_654,1988
user_1,1709
user_295,1714
user_37,1973
user_228,1774
user_546,1779
user_321,1911
user_549,738
user_209,1566
user_568,740
user_423,741
user_53,744
user_181,863
user_579,1172
user_365,752
user_615,749
user_23,1289
user_56,758
user_420,756
user_252,1092
user_21,768
user_600,779
user_92,789
user_572,1823
user_576,787
user_439,785
user_14,784
user_584,788
user_207,786
user_77,793
user_299,795
user_146,1212
user_323,674
user_136,961
user_20,1568
user_563,953
user_72,1909
user_338,2177
user_257,1817
user_383,1985
user_200,2056
user_255,1974
user_458,2080
user_528,1826
user_33,2003
user_478,2209
user_570,952
user_613,2306
user_694,1397
user_61,1680
user_245,1773
user_567,1708
user_380,1195
user_573,1082
user_238,1739
user_170,1406
user_298,1003
user_489,2128
user_557,1500
user_158,1918
user_94,842
user_208,2873
user_511,999
user_508,2868
user_197,1220
user_140,1255
user_137,1462
user_90,1718
user_373,1677
user_378,1013
user_437,1101
user_141,1137
user_370,1004
user_10,1237
user_623,1151
user_636,1151
user_351,2149
user_459,1280
user_389,853
user_472,1401
user_251,1235
user_467,1793
user_631,1796
user_194,2164
user_24,1655
user_660,1180
user_512,1848
user_473,1192
user_408,1738
user_670,1721
user_124,1313
user_269,1841
user_683,1553
user_66,1226
user_368,1074
user_607,1067
user_279,1832
user_527,1089
user_93,1330
user_624,1616
user_30,1433
user_625,1249
user_333,1777
user_476,2164
user_263,1232
user_653,998
user_2,1095
user_265,1230
user_213,1202
user_634,1193
user_226,1000
user_306,2133
user_566,2863
user_663,1429
user_372,1235
user_498,1249
user_232,1105
user_45,2157
user_635,1122
user_626,1223
user_343,2180
user_44,1873
user_239,1093
user_499,1149
user_119,1007
user_684,1664
user_564,2094
user_109,1149
user_679,997
user_43,999
user_25,998
user_431,1012
user_334,1013
user_500,1266
user_336,2070
user_106,1070
user_442,1709
user_304,838
user_32,2076
user_290,1088
user_516,651
user_79,1254
user_318,1195
user_144,1088
user_610,1003
user_559,2215
user_646,1875
user_586,2198
user_96,873
user_288,1246
user_430,1928
user_121,1755
user_449,1226
user_282,2317
user_161,1078
user_614,1228
user_386,1226
user_558,1855
user_521,1011
user_533,2162
user_322,1680
user_608,1411
user_217,1094
user_454,1699
user_81,1569
user_562,1554
user_46,2208
user_592,1817
user_31,2184
user_206,1136
user_71,1866
user_307,1870
user_675,1269
user_496,2178
user_296,2235
user_147,1226
user_210,1228
user_64,1228
user_404,1232
user_666,1227
user_15,2218
user_520,1279
user_113,2227
user_429,1229
user_399,1334
user_203,1223
user_169,1212
user_410,1348
user_70,1251
user_544,1099
user_598,1226
user_522,1226
user_505,1456
user_85,1232
user_685,1222
user_183,1856
user_235,1226
user_250,1330
user_503,1214
user_101,1226
user_630,2067
user_661,1843
user_672,1710
user_678,2370
user_617,1972
user_561,1213
user_335,1225
user_409,2037
user_58,1225
user_422,1614
user_513,1221
user_448,1231
user_159,1659
user_462,1883
user_574,1816
user_602,1365
user_289,1225
user_649,1837
user_73,1702
user_118,1215
user_464,2030
user_314,1227
user_145,1223
user_361,1292
user_60,1248
user_128,1000
user_532,1822
user_27,2223
user_171,1185
user_242,1422
user_233,1852
user_268,1091
user_651,1049
user_19,1012
user_569,1233
user_698,1025
user_571,1230
user_63,1326
user_84,996
user_179,1223
user_281,1818
user_196,1830
user_648,1652
user_13,1782
user_471,1222
user_165,1274
user_547,1306
user_542,1411
user_509,1472
user_342,998
user_620,1276
user_346,1281
user_7,1950
user_515,1360
user_28,1593
user_443,2069
user_341,1591
user_689,1153
user_488,2327
user_556,1290
user_231,1359
user_17,1625
user_510,1801
user_185,2181
user_428,1233
user_236,1230
user_42,1960
user_432,1871
user_388,2105
user_280,973
user_243,2260
user_394,1233
user_539,1964
user_485,2199
user_616,1231
user_78,1914
user_517,1228
user_129,1229
user_426,2197
user_75,1341
user_97,1230
user_518,1225
user_244,1228
user_406,1226
user_95,1836
user_325,1069
user_622,1260
user_601,1227
user_248,1069
user_212,1900
user_688,999
user_316,2301
user_668,1713
user_674,1907
user_35,1490
user_114,1160
user_402,1009
user_659,1870
user_353,1325
user_391,1317
user_673,2105
user_669,1932
user_540,2275
user_487,1314
user_214,1149
user_363,1316
user_604,1231
user_148,1835
user_184,1398
user_583,1311
user_275,1619
user_493,1838
user_89,1266
user_460,1845
user_202,1353
user_350,1625
user_67,1759
user_151,1729
user_99,1426
user_545,1874
user_551,1629
user_560,1228
user_393,1902
user_687,1680
user_401,2034
user_387,1472
user_550,1686
user_190,1652
user_309,1494
user_369,1491
user_531,1720
user_541,1509
user_578,1681
user_91,2069
user_595,1709
user_425,1463
user_618,1577
user_366,2077
user_645,1530
user_580,1728
user_0,1408
user_69,1519
user_221,1448
user_74,1627
user_444,1766
user_555,1758
user_189,1421
user_438,1979
user_326,1999
user_120,1485
user_224,1560
user_234,1416
user_525,2005
user_272,2017
user_376,1655
user_374,1781
user_519,1735
user_582,1317
user_502,1448
user_192,2020
user_390,1548
user_628,1545
user_477,1635
user_331,1548
user_690,1636
user_149,1522
user_83,1643
user_134,1525
user_82,1829
user_260,1423
user_534,1531
user_135,2017
user_356,1735
user_261,1595
user_642,1757
user_529,2132
user_632,1485
user_486,1613
user_463,1768
user_8,1466
user_122,1582
user_305,1536
user_359,1569
user_591,1480
user_3,1507
user_480,1478
user_565,1590
user_339,1836
user_87,1810
user_166,1806
user_218,1694
user_11,1558
user_86,1722
user_606,1768
user_382,1879
user_693,2025
user_466,1955
user_131,1930
user_537,1508
user_639,1836
user_441,1479
user_643,1790
user_65,1768
user_340,1585
user_29,1954
user_230,1575
user_577,1616
user_469,1564
user_419,1768
user_686,1570
user_481,1601
user_291,1582
user_357,1628
user_188,1582
user_51,1366
user_479,1617
user_191,1458
user_627,1658
user_455,1568
user_104,1554
user_400,1879
user_315,1459
user_543,1773
user_297,1760
user_490,1553
user_157,1827
user_424,1527
user_677,1569
user_456,1452
user_112,1599
user_105,1838
user_593,1638
user_554,1456
user_292,1478
user_360,1608
user_453,1537
user_264,1808
user_398,1487
user_417,1629
user_286,1646
user_655,1674
user_111,1555
user_349,1656
user_152,1630
user_433,1669
user_176,1485
user_52,1839
user_451,1638
user_507,1632
user_475,1842
user_327,1722
user_317,1682
user_484,1678
user_599,1674
user_186,1749
user_492,1647
user_680,1531
user_405,1643
user_229,1650
user_301,1668
user_524,1645
user_523,1717
user_48,1532
user_267,1538
user_611,1645
user_691,2007
user_50,1647
user_108,1648
user_664,1775
user_80,1409
user_284,1695
user_110,1648
user_491,1334
user_446,1847
user_18,1654
user_142,1529
user_371,1583
user_219,1516
user_4,1582
user_407,1671
user_588,1743
user_182,2157
user_696,2002
user_22,2612
user_172,1914
user_330,1644
user_102,1714
user_6,1816
user_647,1398
user_355,1732
user_436,1816
user_658,1741
user_506,1811
user_514,1648
user_440,1645
user_262,1645
user_682,1696
user_177,1486
user_665,1496
user_115,1940
user_154,2672
user_133,1638
user_293,1761
user_125,1679
user_603,1948
user_175,1714
user_348,1983
user_461,1946
user_88,2073
user_324,1790
user_657,2620
user_311,1852
user_671,1997
user_300,1618
user_57,1669
user_320,1641
user_39,2291
user_180,1047
user_12,2233
user_497,1983
user_415,2415
user_629,2360
user_450,1986
user_126,1866
user_457,1737
user_167,1712
user_198,1865
user_332,1782
user_633,1782
user_337,1812
user_287,1834
user_258,1808
user_370,687
user_467,689
user_660,715
user_636,719
user_100,2059
user_162,2459
user_418,2250
user_34,2295
user_435,1917
user_379,1310
user_403,1796
user_644,1395
user_5,1681
user_594,1352
user_20,1085
user_377,1526
user_302,1364
user_345,2038
user_538,1698
user_117,2154
user_609,1716
user_656,1324
user_381,2270
user_638,1694
user_427,1699
user_181,1295
user_215,1942
user_21,1289
user_572,1280
user_621,2471
user_596,1951
user_193,1710
user_9,1705
user_313,1830
user_619,2149
user_329,1713
user_207,1283
user_187,1755
user_573,915
user_423,1281
user_90,916
user_360,448
user_567,963
user_312,1750
user_216,2104
user_338,1093
user_328,1969
user_199,2106
user_155,1690
user_269,916
user_526,1381
user_584,1330
user_530,2104
user_470,2089
user_127,1752
user_681,2128
user_439,1330
user_160,2078
user_23,1348
user_153,1369
user_303,1427
user_527,915
user_465,2347
user_174,2132
user_76,1483
user_170,915
user_482,1809
user_367,1690
user_368,915
user_494,1733
user_56,1344
user_54,2248
user_308,2143
user_92,1305
user_512,916
user_2,913
user_164,2101
user_495,1388
user_271,2250
user_411,1358
user_670,916
user_384,2526
user_354,1642
user_535,1380
user_299,1331
user_474,1373
user_699,1696
user_447,1462
user_637,1413
user_321,1456
user_576,1412
user_476,914
user_615,1381
user_94,918
user_650,1508
user_136,1236
user_352,1528
user_246,2911
user_249,2366
user_163,2230
user_270,1565
user_209,1453
user_421,2777
user_139,1474
user_640,2009
user_667,1643
user_283,1394
user_278,1584
user_585,1663
user_253,2213
user_130,1949
user_277,1546
user_445,1526
user_143,2210
user_200,1156
user_225,1761
user_323,1328
user_397,2124
user_600,1472
user_240,2796
user_392,1756
user_10,919
user_69,788
user_315,624
user_14,1357
user_68,1690
user_568,1488
user_654,1302
user_319,2130
user_37,1448
user_483,1510
user_528,1157
user_285,1510
user_195,2255
user_146,1351
user_220,1414
user_47,1422
user_59,2615
user_116,1493
user_501,1567
user_98,1521
user_123,1758
user_141,916
user_452,1399
user_245,1091
user_362,1452
user_579,1430
user_395,1355
user_536,1604
user_279,916
user_266,1577
user_552,2532
user_587,2629
user_652,1465
user_662,2252
user_358,1536
user_414,2112
user_247,2803
user_1,1469
user_252,1490
user_103,1602
user_590,3191
user_150,2733
user_77,1431
user_385,2422
user_468,1605
user_53,1375
user_695,2777
user_333,917
user_679,951
user_227,1410
user_310,1615
user_205,1567
user_26,1641
user_107,2353
user_641,1535
user_204,1992
user_254,2107
user_38,2258
user_237,1700
user_396,1695
user_62,1381
user_612,1362
user_223,1468
user_16,1683
user_546,1561
user_241,1627
user_692,2531
user_259,1573
user_548,1584
user_575,2188
user_504,1589
user_344,1747
user_549,1556
user_627,711
user_581,1560
user_413,1845
user_273,1612
user_589,1762
user_41,1812
user_156,1771
user_256,1714
user_347,2098
user_697,1746
user_417,952
user_677,947
user_47,139
user_198,809
user_593,970
user_73,1222
user_108,982
user_162,668
user_37,183
user_385,194
user_536,192
user_590,194
user_692,204
user_364,1933
user_230,1026
user_190,1205
user_555,1169
user_412,2005
user_392,220
user_158,1475
user_144,1469
user_239,1480
user_516,1458
user_113,1470
user_86,1052
user_416,1964
user_49,1996
user_83,1025
user_274,2059
user_122,1048
user_305,1041
user_466,1052
user_61,1621
user_138,2057
user_507,1154
user_605,2059
user_600,320
user_139,321
user_405,1159
user_647,1064
user_553,2063
user_478,1693
user_281,1415
user_676,2021
user_48,1157
user_349,1156
user_324,1093
user_420,1978
user_365,1982
user_664,1159
user_226,1534
user_581,347
user_40,2110
user_180,1047
user_450,1048
user_107,367
user_241,364
user_537,1146
user_57,1039
user_468,341
user_328,392
user_100,856
user_67,1382
user_424,1153
user_491,1160
user_423,403
user_473,1579
user_79,1484
user_470,322
user_397,436
user_181,375
user_563,1806
user_597,2061
user_178,2624
user_577,1148
user_218,1180
user_111,1154
user_5,372
user_55,2096
user_294,2278
user_358,365
user_669,1425
user_298,1641
user_434,2181
user_375,2218
user_232,1586
user_14,409
user_115,1194
user_272,1195
user_34,918
user_435,917
user_481,1225
user_123,412
user_665,1195
user_655,1231
user_302,773
user_629,1109
user_433,1234
user_371,1246
user_11,1227
user_199,476
user_695,493
user_641,425
user_132,2308
user_467,965
user_337,1031
user_587,413
user_297,1232
user_596,458
user_580,1409
user_149,1195
user_192,1312
user_606,1225
user_633,1048
user_474,515
user_30,1657
user_59,417
user_643,1229
user_182,1134
user_265,1658
user_438,1318
user_200,516
user_382,1227
user_638,457
user_549,430
user_694,1725
user_102,1173
user_393,1475
user_418,946
user_338,499
user_116,524
user_552,441
user_477,1304
user_275,1463
user_292,1255
user_33,1802
user_368,431
user_656,479
user_323,428
user_594,476
user_77,445
user_396,453
user_169,1572
user_23,439
user_414,456
user_565,1263
user_611,1273
user_395,443
user_282,1607
user_90,510
user_276,2237
user_205,457
user_211,2140
user_546,457
user_229,1274
user_176,1269
user_36,2163
user_53,446
user_679,456
user_619,484
user_548,458
user_662,460
user_383,1809
user_459,1683
user_303,545
user_118,1509
user_80,1263
user_204,462
user_68,440
user_141,463
user_103,445
user_277,428
user_212,1531
user_624,1684
user_651,1516
user_413,454
user_622,1529
user_38,461
user_691,1260
user_46,1563
user_1,454
user_357,1271
user_257,1860
user_91,1511
user_168,2403
user_678,1640
user_72,1887
user_649,1580
user_675,1548
user_255,1884
user_114,1672
user_248,1671
user_94,684
user_681,673
user_419,1403
user_227,594
user_240,584
user_483,587
user_130,695
user_142,1426
user_523,1419
user_210,1698
user_515,1696
user_437,1801
user_569,1689
user_467,72
user_587,74
user_649,60
user_678,55
user_411,720
user_134,1394
user_295,2293
user_196,1704
user_173,2536
user_584,701
user_476,745
user_402,1737
user_114,65
user_445,756
user_195,743
user_667,762
user_512,757
user_210,52
user_313,1009
user_658,1397
user_515,49
user_649,46
user_483,80
user_295,53
user_411,53
user_196,56
user_587,67
user_336,1835
user_134,63
user_402,45
user_584,61
user_173,72
user_660,1237
user_22,1428
user_300,1477
user_320,1405
user_567,780
user_670,817
user_573,788
user_667,86
user_445,96
user_512,83
user_295,68
user_514,1486
user_16,767
user_504,769
user_153,853
user_117,1116
user_406,1850
user_642,1549
user_234,1635
user_402,75
user_379,808
user_26,785
user_612,788
user_258,1399
user_2,875
user_501,785
user_457,1454
user_9,832
user_452,790
user_221,1777
user_317,1613
user_260,1564
user_483,118
user_663,1999
user_374,1669
user_400,1625
user_330,1535
user_550,1792
user_319,892
user_247,895
user_104,1631
user_446,1638
user_88,1575
user_326,1661
user_69,822
user_105,1640
user_524,1648
user_390,1729
user_378,2023
user_360,886
user_21,870
user_6,1560
user_436,1561
user_542,1962
user_284,1656
user_4,1667
user_411,152
user_354,822
user_515,169
user_157,1663
user_76,945
user_285,862
user_196,179
user_654,867
user_461,1624
user_29,1684
user_526,957
user_154,1633
user_585,978
user_399,2010
user_155,934
user_628,1645
user_640,991
user_307,2010
user_266,976
user_318,2056
user_133,1657
user_151,1934
user_646,2027
user_140,2148
user_186,1726
user_513,1964
user_238,2149
user_425,1921
user_547,1982
user_263,2148
user_214,1998
user_539,1990
user_70,2039
user_148,1928
user_631,2174
user_42,1986
user_387,1979
user_551,1997
user_443,1990
user_202,1928
user_84,1979
user_19,2005
user_498,2099
user_52,1748
user_668,2022
user_472,2173
user_81,2051
user_407,1782
user_44,2117
user_380,2153
user_698,2073
user_458,2289
user_183,2096
user_71,2051
user_147,2031
user_471,1997
user_233,2009
user_280,2017
user_50,1771
user_267,1793
user_502,1741
user_236,2033
user_242,2092
user_444,1902
user_426,2018
user_544,2096
user_96,2099
user_353,1993
user_99,1981
user_620,2015
user_586,2099
user_520,2055
user_562,2049
user_270,1074
user_85,2055
user_454,2026
user_63,2009
user_449,2039
user_43,2054
user_89,1956
user_674,1997
user_659,1997
user_639,1761
user_566,2099
user_64,2055
user_327,1811
user_312,1071
user_522,2113
user_480,1798
user_197,2234
user_648,2011
user_304,2109
user_348,1757
user_630,2136
user_235,2144
user_25,2152
user_613,2309
user_556,2126
user_386,2159
user_372,2196
user_431,2163
user_645,1969
user_264,1826
user_110,1834
user_219,1845
user_560,2047
user_401,2061
user_261,1817
user_455,1829
user_291,1835
user_690,1788
user_531,2031
user_490,1839
user_525,1887
user_484,1844
user_120,1872
user_408,2273
user_658,366
user_584,330
user_578,2052
user_231,2130
user_289,2101
user_521,2161
user_686,1852
user_322,2143
user_530,1125
user_203,2172
user_404,2159
user_559,2195
user_35,2130
user_673,2132
user_500,2191
user_497,1737
user_87,1841
user_93,2303
user_331,1956
user_75,2127
user_554,1880
user_171,2124
user_184,2063
user_456,1863
user_499,2203
user_342,2125
user_453,1864
user_689,2165
user_189,2029
user_451,1892
user_0,2055
user_492,1904
user_680,1904
user_74,2034
user_156,993
user_567,368
user_361,2161
user_165,2232
user_224,1958
user_687,2137
user_571,2168
user_20,1477
user_626,2303
user_332,1745
user_540,2186
user_339,1922
user_301,1924
user_561,2239
user_588,1820
user_409,2264
user_538,1177
user_510,2203
user_495,1199
user_101,2246
user_511,2277
user_56,1211
user_45,2287
user_329,1432
user_618,2130
user_369,2144
user_213,2334
user_343,2318
user_143,1232
user_308,1213
user_345,1459
user_672,2257
user_17,2216
user_475,1948
user_661,2240
user_494,1196
user_296,2225
user_334,2241
user_410,2230
user_591,1902
user_609,1498
user_109,2247
user_350,2176
user_146,1148
user_376,1908
user_136,1133
user_696,1865
user_603,1902
user_508,2394
user_415,1885
user_314,2173
user_250,2269
user_421,1221
user_351,2365
user_246,1230
user_602,2206
user_403,1182
user_174,1237
user_253,1249
user_39,1831
user_164,1222
user_579,1231
user_534,1915
user_485,2215
user_106,2273
user_634,2337
user_683,2337
user_543,1911
user_568,1149
user_336,451
user_557,2345
user_601,2184
user_216,1213
user_7,2229
user_62,1161
user_245,1268
user_685,2240
user_159,2242
user_309,2233
user_18,1981
user_359,1989
user_615,1282
user_427,1143
user_31,2299
user_163,1284
user_366,2143
user_671,1857
user_625,2420
user_283,1233
user_528,1269
user_217,2284
user_637,1278
user_92,1278
user_269,1275
user_621,1232
user_699,1290
user_384,1291
user_82,1963
user_278,1294
user_422,2337
user_325,2282
user_259,1211
user_310,1279
user_215,1548
user_462,2274
user_487,2307
user_505,2339
user_388,2299
user_244,2270
user_575,1197
user_252,1262
user_135,1954
user_535,1203
user_652,1191
user_179,2287
user_564,2264
user_32,2241
user_644,1218
user_693,1994
user_119,2344
user_682,1928
user_582,1977
user_225,1284
user_131,1958
user_95,2282
user_666,2323
user_377,1562
user_191,2016
user_448,2244
user_340,2039
user_126,1922
user_428,2262
user_172,1954
user_583,2250
user_465,1294
user_129,2321
user_460,2252
user_442,2352
user_394,2179
user_268,2207
user_684,2357
user_98,1150
user_598,2362
user_175,1985
user_370,1784
user_627,1240
user_8,2037
user_262,1936
user_287,1844
user_440,1936
user_589,1137
user_167,1933
user_519,2092
user_608,2354
user_653,2496
user_27,2332
user_493,2278
user_545,2388
user_617,2411
user_558,2433
user_150,1283
user_632,2106
user_271,1400
user_352,1291
user_381,1653
user_3,2082
user_391,2367
user_346,2362
user_335,2435
user_187,1541
user_486,2099
user_496,2401
user_12,2043
user_463,2106
user_125,2020
user_299,1402
user_573,532
user_447,1403
user_293,2060
user_166,2061
user_220,1298
user_344,1310
user_139,887
user_321,1402
user_170,1398
user_430,2393
user_249,1437
user_469,2149
user_13,2554
user_506,2213
user_697,1392
user_503,2632
user_604,2595
user_347,1410
user_333,1504
user_636,2024
user_60,2569
user_28,2623
user_429,2631
user_592,2618
user_258,717
user_190,1283
user_529,2304
user_121,2661
user_574,2559
user_256,1409
user_607,2742
user_58,2642
user_527,1486
user_464,2586
user_616,2603
user_595,2564
user_254,1525
user_657,2282
user_509,2647
user_41,1431
user_590,1333
user_279,1530
user_355,2250
user_65,2348
user_188,2349
user_412,1310
user_660,819
user_22,815
user_611,1043
user_180,1173
user_68,1031
user_572,1562
user_229,1068
user_198,1395
user_138,1158
user_305,1135
user_470,1171
user_417,1412
user_405,1163
user_274,1140
user_206,2711
user_385,1337
user_635,2744
user_600,1173
user_629,1136
user_144,1256
user_356,2370
user_364,1363
user_281,1193
user_78,2655
user_61,1184
user_178,1196
user_555,1354
user_185,2661
user_15,2668
user_432,2714
user_489,2840
user_679,1080
user_518,2680
user_468,1200
user_311,2355
user_128,2667
user_36,1119
user_650,1581
user_599,2414
user_306,2774
user_288,2740
user_5,1107
user_517,2679
user_605,1208
user_108,1440
user_420,1231
user_272,1163
user_597,1103
user_112,2397
user_324,1201
user_286,2412
user_677,1465
user_692,1398
user_516,1227
user_478,1213
user_192,1189
user_688,2707
user_541,2665
user_389,2862
user_24,2806
user_341,2701
user_290,2765
user_37,1470
user_102,1119
user_419,1063
user_181,1165
user_459,1142
user_100,1160
user_488,2723
user_161,2817
user_479,2480
user_208,2913
user_107,1284
user_230,1402
user_507,1232
user_232,1207
user_398,2485
user_257,1085
user_66,2860
user_67,1161
user_294,1170
user_664,1278
user_570,2973
user_275,1133
user_86,1232
user_434,1255
user_365,1282
user_546,1140
user_523,1050
user_694,1119
user_115,1224
user_638,1114
user_132,1109
user_57,1159
user_298,1257
user_123,1228
user_40,1284
user_548,1177
user_59,1140
user_199,1257
user_413,1172
user_176,1167
user_46,1174
user_80,1205
user_73,1493
user_619,1206
user_580,1140
user_375,1284
user_438,1163
user_593,1549
user_549,1165
user_537,1207
user_122,1290
user_141,1193
user_675,1149
user_55,1221
user_113,1283
user_695,1160
user_606,1163
user_79,1212
user_414,1186
user_396,1186
user_581,1350
user_450,1350
user_656,1201
user_424,1228
user_53,1208
user_491,1347
user_211,1206
user_477,1207
user_169,1208
user_265,1187
user_14,1298
user_466,1318
user_255,1166
user_323,1202
user_349,1348
user_337,1184
user_382,1180
user_594,1202
user_655,1297
user_647,1337
user_596,1199
user_383,1230
user_395,1227
user_433,1319
user_624,1232
user_72,1174
user_212,1232
user_204,1230
user_435,1198
user_418,1220
user_565,1204
user_393,1206
user_357,1234
user_437,1164
user_248,1196
user_569,1166
user_118,1285
user_676,1419
user_423,1304
user_48,1423
user_662,1321
user_577,1310
user_240,1207
user_34,1370
user_162,1632
user_297,1254
user_633,1254
user_651,1293
user_552,1277
user_11,1377
user_218,1315
user_643,1370
user_665,1374
user_691,1288
user_282,1288
user_669,1317
user_481,1376
user_473,1304
user_681,1213
user_553,1414
user_563,1306
user_142,1200
user_641,1369
user_622,1294
user_111,1317
user_227,1212
user_416,1382
user_276,1329
user_614,3192
user_328,1591
user_397,1594
user_194,3332
user_294,131
user_546,134
user_413,146
user_206,268
user_111,252
user_665,249
user_316,3215
user_655,232
user_610,3276
user_251,3376
user_145,3206
user_482,2228
user_532,3205
user_576,2235
user_363,3229
user_124,3385
user_445,1389
user_441,2952
user_533,3305
user_512,1390
user_168,1578
user_11,270
user_664,185
user_275,189
user_13,289
user_523,192
user_40,197
user_548,199
user_326,1342
user_354,1327
user_406,1398
user_73,211
user_432,326
user_619,207
user_593,219
user_55,224
user_537,226
user_466,278
user_208,213
user_623,3429
user_284,1352
user_157,1341
user_280,1213
user_138,339
user_606,286
user_479,229
user_418,307
user_439,2301
user_585,1318
user_419,232
user_552,337
user_194,129
user_319,1419
user_80,542
user_438,292
user_402,1472
user_695,302
user_549,302
user_161,309
user_582,951
user_642,1537
user_488,327
user_494,1015
user_452,1510
user_69,1483
user_581,405
user_26,1534
user_317,1543
user_260,1541
user_387,1385
user_186,1387
user_614,233
user_374,1529
user_514,1588
user_328,259
user_87,1278
user_455,1324
user_407,1361
user_424,438
user_397,258
user_330,1529
user_504,1580
user_6,1479
user_436,1479
user_542,1512
user_221,1555
user_378,1519
user_648,1345
user_532,207
user_296,1061
user_117,1573
user_570,384
user_133,1407
user_300,1635
user_446,1523
user_533,201
user_379,1568
user_668,1383
user_16,1581
user_70,1424
user_663,1533
user_515,1513
user_199,385
user_93,1311
user_58,868
user_552,221
user_612,1667
user_121,957
user_426,1474
user_454,1482
user_462,1129
user_607,957
user_306,902
user_589,1196
user_287,1210
user_246,1289
user_570,194
user_317,193
user_487,1308
user_432,364
user_499,1441
user_408,1501
user_458,1586
user_685,1354
user_699,1326
user_472,1531
user_672,1245
user_506,1044
user_249,1176
user_533,158
user_436,168
user_221,149
user_407,159
user_74,1440
user_63,1605
user_44,1610
user_671,1382
user_70,190
user_331,1501
user_394,1251
user_453,1484
user_95,1238
user_52,1578
user_668,195
user_404,1494
user_532,190
user_504,193
user_406,399
user_387,198
user_301,1436
user_82,1355
user_566,1574
user_290,902
user_446,194
user_310,1363
user_501,1782
user_65,1035
user_455,201
user_557,1361
user_154,1745
user_148,1682
user_318,1729
user_539,1681
user_457,1838
user_29,1743
user_399,1740
user_631,1684
user_559,1563
user_155,1759
user_320,1922
user_547,1702
user_670,1920
user_628,1758
user_380,1668
user_214,1720
user_216,1447
user_457,40
user_640,1793
user_448,1379
user_299,1355
user_345,1420
user_106,1434
user_125,1357
user_513,1780
user_415,1440
user_327,1729
user_425,1782
user_682,1376
user_456,1628
user_535,1489
user_589,196
user_462,256
user_95,99
user_605,892
user_61,897
user_472,123
user_393,851
user_453,96
user_607,255
user_609,1442
user_400,1962
user_501,122
user_531,1706
user_331,92
user_559,91
user_518,887
user_265,842
user_550,1934
user_524,1945
user_656,1087
user_550,33
user_640,137
user_448,140
user_43,1867
user_641,988
user_386,1851
user_517,1019
user_629,1012
user_662,985
user_276,1044
user_685,246
user_311,1017
user_563,1050
user_489,1025
user_541,1175
user_216,203
user_682,142
user_535,134
user_462,136
user_623,705
user_576,749
user_206,768
user_124,749
user_157,704
user_251,760
user_513,176
user_510,1623
user_626,1784
user_697,1424
user_603,1637
user_316,770
user_197,1924
user_490,1899
user_439,729
user_545,1569
user_431,1912
user_353,1940
user_415,203
user_165,1757
user_96,1926
user_99,1927
user_497,1862
user_375,1240
user_698,1944
user_687,1789
user_617,1616
user_449,1941
user_398,961
user_555,1324
user_427,1594
user_376,1668
user_422,1586
user_519,1640
user_179,1622
user_115,1282
user_466,776
user_84,1988
user_615,1743
user_498,1941
user_135,1627
user_475,1677
user_231,1850
user_520,1971
user_634,1711
user_0,1873
user_428,1598
user_104,2110
user_245,1733
user_267,1958
user_403,1654
user_527,1419
user_502,1973
user_64,1954
user_3,1639
user_480,1955
user_463,1596
user_511,1632
user_610,794
user_304,1948
user_661,1665
user_50,1972
user_544,1935
user_618,1748
user_608,1732
user_624,1299
user_131,1717
user_592,1544
user_666,1725
user_365,1375
user_247,2235
user_42,2100
user_136,1764
user_464,1530
user_291,2036
user_183,2075
user_119,1726
user_627,1732
user_560,2040
user_224,1917
user_120,2034
user_388,1722
user_264,2038
user_460,1825
user_351,1775
user_586,2069
user_443,2102
user_27,1761
user_110,2039
user_469,1711
user_143,1765
user_442,1723
user_343,1782
user_202,2109
user_646,2138
user_421,1797
user_613,2066
user_219,2065
user_625,1873
user_203,1975
user_568,1892
user_561,1917
user_508,1768
user_673,2010
user_564,1741
user_689,1973
user_335,1720
user_444,2105
user_359,1870
user_372,2070
user_369,1770
user_314,1780
user_492,1968
user_680,1961
user_522,2097
user_4,2226
user_381,1760
user_485,1801
user_571,1938
user_88,2256
user_89,2094
user_366,1883
user_696,1820
user_25,1917
user_109,1777
user_342,1847
user_659,1927
user_658,1916
user_189,2011
user_101,1965
user_694,1422
user_620,2105
user_332,1817
user_645,2076
user_456,181
user_346,1596
user_574,1441
user_630,1920
user_528,1716
user_163,1760
user_493,1646
user_86,1253
user_81,1968
user_482,827
user_76,2072
user_390,2271
user_440,1639
user_644,1878
user_233,2121
user_690,1900
user_471,2121
user_461,2092
user_425,194
user_340,1758
user_430,1611
user_530,2006
user_280,906
user_579,1676
user_361,1795
user_384,1879
user_39,1824
user_653,1657
user_585,748
user_551,2146
user_262,1754
user_289,2029
user_85,2099
user_220,1610
user_486,1593
user_554,1869
user_350,1777
user_621,1914
user_191,1792
user_178,1525
user_633,1252
user_521,2047
user_437,1245
user_244,1780
user_628,460
user_288,1287
user_479,906
user_250,1865
user_175,1807
user_465,1799
user_198,1292
user_524,304
user_525,2110
user_572,1291
user_45,1833
user_253,1840
user_325,1747
user_238,2210
user_577,1271
user_509,1601
user_531,307
user_348,2126
user_278,1746
user_597,1309
user_505,1779
user_357,1367
user_20,1944
user_451,2047
user_686,2042
user_363,969
user_526,2243
user_35,2061
user_309,1932
user_435,1378
user_578,2054
user_637,1923
user_684,1880
user_192,1413
user_594,1233
user_647,1404
user_558,1781
user_591,1843
user_598,1803
user_473,1234
user_329,1849
user_534,1870
user_164,1852
user_496,1778
user_410,1831
user_7,1915
user_293,1781
user_322,2052
user_588,2014
user_601,1902
user_583,1787
user_639,2146
user_150,1794
user_98,1807
user_8,1878
user_339,1983
user_516,1508
user_607,336
user_286,1305
user_635,1276
user_12,1805
user_333,1637
user_468,1306
user_185,1264
user_540,1989
user_268,1821
user_213,1858
user_60,1614
user_575,1788
user_383,1235
user_18,1907
user_674,2117
user_632,1835
user_32,1792
user_261,2104
user_215,1794
user_417,1349
user_595,1675
user_429,1341
user_679,1358
user_356,1359
user_382,1304
user_507,1232
user_562,2208
user_118,1394
user_334,1919
user_447,1845
user_599,1599
user_108,1358
user_692,1362
user_217,1988
user_174,1928
user_602,1924
user_450,1301
user_590,1367
user_341,1510
user_636,1697
user_611,1379
user_396,1300
user_481,1360
user_681,1362
user_657,1372
user_420,1630
user_643,1425
user_24,1538
user_355,1376
user_596,1344
user_693,1903
user_128,1397
user_459,1573
user_543,1992
user_263,2293
user_180,1380
user_255,1351
user_416,1368
user_15,1405
user_688,1496
user_391,1839
user_652,1986
user_297,1330
user_677,1366
user_337,1306
user_538,2075
user_212,1314
user_248,1323
user_616,1343
user_66,1232
user_569,1318
user_604,1342
user_675,1494
user_691,1353
user_434,1562
user_503,1740
user_405,1386
user_395,1355
user_491,1479
user_651,1391
user_389,1585
user_433,1388
user_414,1375
user_78,1451
user_676,1418
user_412,1438
user_144,1449
user_580,1343
user_478,1459
user_622,1426
user_188,1437
user_477,1443
user_553,1463
user_254,1475
user_305,1484
user_650,1496
user_683,2076
user_364,1492
user_112,1498
user_470,1483
user_36,1496
user_71,2449
user_235,2422
user_401,2416
user_75,2352
user_484,2419
user_478,139
user_444,157
user_4,167
user_242,2473
user_528,181
user_526,102
user_684,101
user_488,1194
user_261,141
user_271,2147
user_172,2179
user_319,1280
user_140,2572
user_500,2443
user_441,1376
user_409,2395
user_17,2244
user_529,2024
user_685,666
user_56,2400
user_191,367
user_334,197
user_388,240
user_622,236
user_185,176
user_472,748
user_603,571
user_27,253
user_568,255
user_460,253
user_518,757
user_627,253
user_350,383
user_651,236
user_625,244
user_492,271
user_469,264
user_39,299
user_442,265
user_339,198
user_264,262
user_508,266
user_645,282
user_35,208
user_505,209
user_572,209
user_583,212
user_598,211
user_554,211
user_540,216
user_674,222
user_577,222
user_356,236
user_355,262
user_435,220
user_635,212
user_450,242
user_562,237
user_692,241
user_468,216
user_397,1240
user_410,211
user_561,265
user_45,216
user_400,836
user_348,239
user_363,243
user_477,229
user_306,1112
user_495,2331
user_326,1469
user_414,327
user_695,1390
user_575,271
user_145,1522
user_525,291
user_541,797
user_412,356
user_514,1299
user_479,494
user_560,367
user_659,563
user_559,869
user_677,343
user_224,382
user_606,1489
user_680,397
user_666,381
user_663,1317
user_637,316
user_597,318
user_496,347
user_532,1104
user_208,1547
user_599,376
user_563,864
user_642,1430
user_150,363
user_595,374
user_452,1425
user_604,413
user_489,865
user_429,382
user_614,1390
user_643,407
user_580,437
user_588,376
user_676,436
user_582,1447
user_71,328
user_542,1385
user_19,2767
user_386,898
user_509,391
user_369,469
user_409,241
user_699,1160
user_630,494
user_566,1165
user_524,412
user_603,235
user_451,415
user_432,1222
user_408,1221
user_506,1198
user_460,223
user_353,767
user_404,1250
user_380,1218
user_161,1625
user_428,928
user_426,1433
user_403,929
user_557,1292
user_629,1043
user_88,817
user_99,876
user_424,1551
user_449,864
user_104,931
user_626,964
user_495,282
user_374,1545
user_648,1539
user_684,435
user_534,541
user_689,808
user_463,958
user_631,1281
user_320,1260
user_401,466
user_497,867
user_517,1044
user_487,1352
user_484,467
user_624,852
user_106,1206
user_242,437
user_454,1463
user_458,1367
user_309,729
user_301,1329
user_422,875
user_179,875
user_673,845
user_671,1348
user_514,234
user_480,933
user_502,985
user_271,444
user_642,233
user_407,1338
user_89,862
user_547,1309
user_290,1287
user_52,1334
user_394,1335
user_441,434
user_499,1370
user_668,1320
user_595,255
user_19,196
user_539,1373
user_496,296
user_510,1082
user_446,1413
user_64,1044
user_566,230
user_457,1340
user_554,411
user_399,1378
user_608,978
user_172,520
user_304,1062
user_380,153
user_389,749
user_530,891
user_398,1034
user_509,315
user_510,50
user_590,765
user_592,810
user_601,924
user_574,834
user_493,1003
user_361,858
user_502,123
user_490,1082
user_463,176
user_84,1091
user_684,181
user_689,173
user_449,164
user_454,150
user_428,204
user_484,194
user_422,162
user_566,119
user_517,165
user_610,1203
user_470,804
user_608,159
user_547,197
user_499,201
user_496,158
user_487,211
user_539,204
user_398,162
user_650,845
user_640,1391
user_671,241
user_673,243
user_513,1357
user_557,307
user_12,882
user_254,861
user_276,1405
user_592,152
user_601,152
user_574,152
user_493,151
user_490,140
user_623,1395
user_610,138
user_617,1281
user_267,1391
user_613,1298
user_646,1317
user_506,639
user_508,847
user_618,1425
user_451,678
user_444,1012
user_410,864
user_586,1189
user_634,1462
user_659,817
user_674,882
user_545,1451
user_529,971
user_663,813
user_540,901
user_289,1260
user_443,1215
user_696,1415
user_522,1223
user_459,1198
user_621,1350
user_316,1587
user_628,1352
user_602,1185
user_440,1405
user_15,1281
user_485,1418
user_687,1499
user_110,1226
user_653,1259
user_391,1213
user_471,1366
user_431,1497
user_511,1368
user_427,1496
user_434,1216
user_688,1200
user_588,813
user_562,964
user_693,1239
user_475,1539
user_596,1240
user_519,1543
user_500,1058
user_625,1009
user_582,830
user_32,1401
user_558,1222
user_461,1326
user_489,857
user_630,826
user_639,1236
user_493,328
user_416,1282
user_623,323
user_382,1252
user_250,1440
user_498,1584
user_521,1439
user_564,1536
user_652,1304
user_666,944
user_404,743
user_583,1026
user_409,864
user_458,663
user_614,895
user_661,1470
user_626,694
user_505,1036
user_439,1606
user_632,1465
user_691,1335
user_415,1617
user_543,1329
user_538,1337
user_520,1635
user_657,1332
user_430,1483
user_390,1545
user_618,205
user_561,1077
user_429,959
user_81,1582
user_616,1380
user_675,1386
user_578,1531
user_341,1372
user_644,1542
user_531,1546
user_690,1447
user_579,1471
user_620,1614
user_420,1396
user_551,1552
user_683,1395
user_486,1565
user_456,1626
user_381,1629
user_443,225
user_189,1644
user_508,306
user_648,803
user_686,1585
user_465,1594
user_447,1414
user_527,1794
user_602,240
user_485,234
user_693,235
user_634,316
user_544,1540
user_571,1719
user_529,332
user_503,1519
user_696,329
user_522,326
user_564,226
user_534,907
user_488,1360
user_621,337
user_390,220
user_391,335
user_500,335
user_558,332
user_578,219
user_639,325
user_620,211
user_683,211
user_661,328
user_632,318
user_440,430
user_430,319
user_653,432
user_471,436
user_511,434
user_475,437
user_690,309
user_486,311
user_465,305
user_544,292
user_571,294
user_469,1522
user_542,1361
user_686,380
user_657,488
user_551,462
user_498,575
