user_433,1209
user_34,1845
user_315,1048
user_66,1113
user_218,1167
user_130,1176
user_54,1402
user_129,1217
user_65,1404
user_96,1459
user_80,1454
user_144,1510
user_27,1165
user_30,1195
user_18,1193
user_51,1153
user_49,1253
user_131,1297
user_2,1676
user_115,1679
user_7,1445
user_112,1481
user_48,1475
user_87,1479
user_68,1485
user_75,1858
user_40,1448
user_9,1251
user_88,1479
user_83,1478
user_39,1528
user_67,1540
user_84,1554
user_92,1554
user_436,1248
user_8,1550
user_100,1567
user_4,1560
user_116,1568
user_192,1763
user_12,1374
user_72,1450
user_64,1540
user_103,1556
user_3,1549
user_52,1603
user_0,1601
user_414,1807
user_431,1758
user_95,1608
user_71,1251
user_20,1602
user_91,1607
user_55,1605
user_17,1880
user_198,1773
user_394,1772
user_185,1852
user_63,1640
user_23,1603
user_120,1608
user_53,1651
user_107,1609
user_124,1644
user_76,1606
user_31,1631
user_5,1679
user_36,1317
user_28,1665
user_111,2043
user_205,1816
user_60,1752
user_148,1678
user_35,1668
user_127,1676
user_346,1822
user_429,1881
user_43,1324
user_25,1760
user_104,1395
user_93,1260
user_195,1919
user_401,1952
user_59,1403
user_223,1916
user_143,2122
user_56,1756
user_355,1902
user_147,1759
user_47,1750
user_150,1952
user_125,1944
user_435,1463
user_263,1170
user_188,1944
user_415,1956
user_1,1763
user_99,2132
user_128,1759
user_374,1357
user_61,1421
user_10,1425
user_126,1980
user_29,1794
user_327,1949
user_42,1794
user_406,1997
user_58,1794
user_352,1164
user_225,1351
user_208,1958
user_108,1401
user_386,1330
user_334,1312
user_134,1942
user_329,1256
user_165,1328
user_133,1942
user_438,1452
user_21,1396
user_301,1315
user_57,1769
user_123,1790
user_421,1998
user_260,1286
user_410,1189
user_280,1286
user_377,1190
user_135,1763
user_264,1910
user_50,1768
user_38,2157
user_350,1343
user_432,1491
user_187,1396
user_37,1840
user_13,1466
user_289,1745
user_117,1291
user_206,1333
user_220,1335
user_330,1319
user_199,1690
user_304,1767
user_213,1322
user_312,1298
user_236,1701
user_145,1278
user_397,1318
user_113,1268
user_79,1814
user_323,1262
user_302,1289
user_433,1305
user_361,1396
user_320,1383
user_247,1811
user_209,1381
user_156,1395
user_82,1345
user_269,1211
user_229,1210
user_387,1241
user_19,2071
user_214,1196
user_228,1169
user_343,1185
user_89,1149
user_221,1614
user_385,1197
user_293,1196
user_326,1181
user_358,1196
user_252,1572
user_141,1146
user_173,1544
user_177,1543
user_354,1598
user_179,1188
user_189,1543
user_272,1159
user_342,1538
user_370,1182
user_424,1184
user_163,1153
user_362,1183
user_259,1810
user_253,1524
user_114,1502
user_299,1528
user_266,1555
user_309,1552
user_158,1498
user_73,1425
user_345,1574
user_151,1499
user_273,1491
user_196,1515
user_203,1521
user_277,1528
user_101,1510
user_337,1490
user_164,1562
user_118,1502
user_270,1533
user_284,1528
user_351,1550
user_372,1576
user_291,1492
user_149,1555
user_110,1502
user_212,1487
user_305,1544
user_262,1547
user_408,1573
user_180,1509
user_248,1487
user_222,1528
user_322,1524
user_288,1521
user_121,1503
user_85,1502
user_194,1551
user_239,1549
user_146,1503
user_379,1556
user_166,1490
user_193,1131
user_338,1537
user_418,1575
user_77,1502
user_423,2185
user_256,1517
user_94,1503
user_310,1543
user_279,1512
user_175,1543
user_241,2137
user_155,1480
user_230,1516
user_98,1484
user_227,1504
user_249,1477
user_226,1533
user_46,1600
user_215,1469
user_324,1546
user_200,1469
user_274,1525
user_267,1465
user_306,1527
user_254,1375
user_137,1485
user_191,1470
user_311,1463
user_373,1553
user_395,1552
user_285,1526
user_97,1485
user_251,1511
user_365,1547
user_69,1482
user_316,1504
user_162,1489
user_369,1462
user_367,1540
user_349,1549
user_388,1553
user_420,1566
user_381,1538
user_122,1471
user_190,1515
user_363,1526
user_340,1534
user_167,1473
user_161,1517
user_402,1540
user_258,1513
user_295,1489
user_231,1498
user_219,1452
user_294,1504
user_238,1496
user_298,1511
user_390,1521
user_403,1538
user_360,1448
user_160,1362
user_242,1490
user_426,1554
user_364,1529
user_183,1491
user_204,1456
user_328,1512
user_26,1961
user_105,1468
user_178,1458
user_281,1452
user_371,1527
user_102,1460
user_303,1489
user_313,1451
user_427,1543
user_297,1505
user_359,1511
user_184,1479
user_282,1512
user_339,1501
user_142,1462
user_347,1497
user_70,1467
user_245,1484
user_45,1586
user_159,1471
user_331,1495
user_136,1588
user_400,1533
user_413,1537
user_283,1484
user_170,1446
user_278,1496
user_389,1507
user_169,1446
user_391,1529
user_407,1532
user_382,1514
user_409,1535
user_211,1471
user_74,1459
user_308,1480
user_237,1463
user_271,1487
user_109,1461
user_235,1485
user_15,1590
user_207,1461
user_314,1483
user_417,1529
user_300,1471
user_412,1531
user_317,1486
user_366,1509
user_176,1500
user_234,1485
user_217,1496
user_250,1479
user_325,1509
user_419,1532
user_157,1504
user_243,1506
user_307,1055
user_186,1499
user_106,1451
user_341,1489
user_399,1517
user_81,1032
user_290,1496
user_378,1083
user_404,1521
user_276,1468
user_181,1451
user_78,1451
user_224,1463
user_268,1454
user_287,1470
user_140,1574
user_335,1394
user_376,1481
user_348,1474
user_368,1477
user_132,1536
user_202,1451
user_332,1470
user_411,1867
user_172,1462
user_86,1411
user_119,1536
user_333,1469
user_430,1495
user_336,1453
user_292,1413
user_90,2065
user_153,1431
user_232,1410
user_168,1447
user_62,1514
user_384,1463
user_321,1458
user_286,1438
user_416,1477
user_265,1412
user_296,1416
user_138,1388
user_197,1287
user_398,1446
user_152,1390
user_257,1381
user_216,1286
user_344,1373
user_375,1450
user_396,1466
user_210,1433
user_6,1900
user_44,1541
user_11,1541
user_405,2024
user_383,1462
user_32,1522
user_41,1884
user_174,1389
user_14,1870
user_154,1386
user_240,1367
user_261,1367
user_255,1274
user_171,1918
user_24,1525
user_275,1393
user_425,1433
user_392,1417
user_428,1415
user_319,1987
user_33,1839
user_16,1481
user_246,1374
user_434,1584
user_22,1902
user_422,2020
user_30,1265
user_357,1899
user_139,1884
user_353,1947
user_182,1974
user_18,1152
user_437,2279
user_65,1687
user_130,1829
user_282,606
user_129,1888
user_318,2100
user_102,537
user_161,561
user_322,672
user_293,721
user_370,717
user_109,606
user_362,722
user_179,670
user_366,607
user_229,738
user_259,730
user_218,1280
user_245,605
user_434,490
user_184,667
user_437,467
user_257,856
user_396,506
user_368,848
user_357,442
user_268,895
user_306,789
user_209,949
user_140,835
user_152,537
user_375,557
user_479,205
user_599,92
user_437,119
user_357,112
user_441,1192
user_49,1930
user_17,1699
user_198,1705
user_144,1792
user_439,2107
user_51,1943
user_356,2535
user_115,1907
user_268,170
user_80,1788
user_27,1899
user_233,2505
user_260,1554
user_244,2553
user_66,2442
user_135,1621
user_380,2591
user_438,1639
user_393,2616
user_201,2703
user_53,1905
user_315,2637
user_77,1276
user_1,1732
user_406,1781
user_143,1723
user_34,2661
user_195,1811
user_35,1670
user_67,1557
user_121,1323
user_256,1324
user_58,1795
user_99,1783
user_188,1843
user_28,1716
user_128,1845
user_421,1808
user_47,1781
user_270,1316
user_29,1835
user_100,1619
user_252,1363
user_280,1871
user_294,1365
user_222,1442
user_113,1469
user_398,1411
user_264,1936
user_166,1443
user_79,1516
user_378,1435
user_147,1886
user_205,1842
user_355,1895
user_302,1526
user_42,1915
user_93,1993
user_84,1704
user_394,1801
user_271,1371
user_112,1670
user_60,1853
user_21,1927
user_153,1442
user_433,1507
user_158,1507
user_0,1793
user_63,1827
user_215,1496
user_223,1924
user_20,1796
user_108,1933
user_61,1943
user_431,1793
user_377,1953
user_327,1928
user_401,1928
user_107,1828
user_311,1340
user_435,1931
user_225,1919
user_208,1971
user_334,1936
user_123,1942
user_57,1971
user_301,1949
user_346,1832
user_116,1774
user_305,1482
user_181,1441
user_138,1494
user_369,1368
user_148,1909
user_374,1987
user_133,1950
user_52,1775
user_25,1969
user_83,1767
user_263,1896
user_279,1481
user_329,1941
user_352,1949
user_386,1954
user_38,1955
user_165,1940
user_10,1945
user_120,1807
user_310,1467
user_23,1886
user_97,1418
user_159,1534
user_283,1447
user_40,1770
user_382,1458
user_190,1437
user_59,2069
user_4,1794
user_341,1549
user_338,1538
user_43,2059
user_277,1470
user_171,1114
user_75,1766
user_81,1455
user_76,1809
user_417,1453
user_55,1789
user_348,1500
user_447,1515
user_89,1598
user_180,1473
user_349,1419
user_68,1801
user_290,1457
user_445,1669
user_192,1838
user_287,1505
user_2,1729
user_203,1576
user_423,1538
user_207,1451
user_273,1573
user_373,1348
user_119,1514
user_117,1600
user_442,1724
user_332,1565
user_416,1550
user_400,1456
user_72,1815
user_339,1576
user_87,1798
user_92,1827
user_48,1797
user_104,2022
user_286,1454
user_299,1529
user_124,1899
user_31,1844
user_126,2085
user_410,2105
user_187,1722
user_39,1777
user_95,1872
user_157,1554
user_354,1542
user_390,1631
user_449,1224
user_56,2083
user_141,1620
user_308,1552
user_220,1662
user_145,1670
user_136,1545
user_342,1625
user_363,1528
user_274,1522
user_288,1644
user_324,1518
user_94,1645
user_131,1777
user_7,1853
user_13,1724
user_74,1547
user_415,2098
user_312,1664
user_316,1521
user_272,1620
user_178,1540
user_414,1950
user_22,1392
user_168,1608
user_429,1832
user_162,1525
user_86,1597
user_134,2032
user_103,1863
user_251,1467
user_64,1845
user_360,1590
user_331,1565
user_221,1639
user_267,1546
user_351,1662
user_345,1691
user_304,1687
user_235,1581
user_185,2007
user_300,1572
user_199,1686
user_372,1671
user_289,1683
user_105,1485
user_5,2051
user_248,1667
user_385,1642
user_186,1587
user_296,1640
user_163,1704
user_16,1397
user_323,1516
user_8,1787
user_367,1414
user_425,1468
user_37,1638
user_3,1887
user_151,1676
user_424,1665
user_436,1865
user_376,1617
user_172,1640
user_443,1874
user_177,1665
user_317,1605
user_253,1672
user_127,2069
user_314,1677
user_361,1719
user_173,1664
user_11,1652
user_420,1427
user_335,1468
user_281,1437
user_88,1773
user_285,1524
user_90,1610
user_211,1551
user_110,1640
user_409,1637
user_336,1510
user_62,1609
user_228,1611
user_404,1558
user_337,1635
user_391,1556
user_258,1532
user_231,1528
user_292,1616
user_160,1474
user_19,1606
user_320,1706
user_426,1438
user_440,1720
user_137,1563
user_254,1418
user_428,1461
user_237,1594
user_365,1566
user_146,1685
user_85,1685
user_307,1605
user_125,1984
user_12,1917
user_169,1552
user_150,2165
user_239,1581
user_71,1853
user_189,1761
user_383,1687
user_340,1609
user_330,1749
user_175,1728
user_204,1665
user_255,1346
user_295,1746
user_36,2123
user_249,1728
user_122,1747
user_224,1722
user_278,1663
user_78,1713
user_106,1651
user_46,1752
user_111,2116
user_234,1654
user_387,1763
user_418,1740
user_217,1723
user_193,1733
user_182,1464
user_297,1636
user_24,1352
user_343,1712
user_98,1729
user_241,1745
user_54,2322
user_142,1620
user_344,1386
user_427,1632
user_197,1699
user_213,1778
user_247,1796
user_44,1372
user_265,1698
user_30,1593
user_132,1688
user_395,1638
user_219,1622
user_101,1780
user_45,1637
user_359,1663
user_388,1640
user_364,1691
user_154,1365
user_246,1474
user_200,1564
user_226,1788
user_291,1783
user_212,1720
user_444,1662
user_14,1399
user_32,1395
user_242,1647
user_430,1735
user_9,2006
user_6,1389
user_381,1659
user_243,1769
user_309,1801
user_408,1751
user_412,1673
user_319,1516
user_411,1735
user_333,1737
user_389,1636
user_397,1787
user_194,1776
user_276,1755
user_238,1614
user_96,2441
user_392,1447
user_298,1666
user_403,1667
user_73,1723
user_183,1663
user_210,1370
user_379,1743
user_250,1647
user_202,1686
user_358,1763
user_347,1655
user_230,1738
user_33,1443
user_176,1679
user_240,1392
user_328,1669
user_232,1725
user_407,1750
user_26,1675
user_227,1782
user_266,1768
user_214,1750
user_269,1818
user_399,1693
user_236,1779
user_69,1606
user_262,1750
user_371,1644
user_321,1690
user_118,1677
user_15,1723
user_206,1776
user_419,1723
user_196,1748
user_18,1342
user_350,1837
user_432,1838
user_485,1107
user_65,1347
user_325,1689
user_155,1785
user_191,1661
user_384,1742
user_174,1445
user_455,1227
user_642,1041
user_322,1111
user_139,1362
user_454,1281
user_453,1227
user_167,1830
user_596,1120
user_452,1229
user_326,1798
user_549,1082
user_510,1168
user_114,1866
user_491,1112
user_261,1464
user_458,1131
user_318,1197
user_604,1101
user_109,1144
user_591,1039
user_511,1172
user_353,1404
user_130,1312
user_41,1495
user_129,1251
user_402,1761
user_293,1250
user_532,1181
user_643,1114
user_645,1116
user_451,1337
user_502,1197
user_489,1270
user_448,1335
user_362,1235
user_422,1802
user_545,1112
user_284,1949
user_585,1152
user_50,1982
user_102,1283
user_446,1391
user_282,1346
user_494,1166
user_631,1145
user_635,1144
user_460,1152
user_366,1263
user_589,1217
user_559,1212
user_623,1171
user_179,1262
user_560,1217
user_492,1194
user_594,1160
user_618,1218
user_605,1158
user_552,1157
user_566,1257
user_570,1278
user_499,1182
user_593,1235
user_612,1147
user_533,1157
user_537,1159
user_565,1147
user_82,1996
user_528,1226
user_581,1224
user_465,1197
user_630,1171
user_578,1147
user_568,1161
user_518,1182
user_493,1214
user_478,1111
user_607,1094
user_517,1211
user_573,1151
user_617,1261
user_245,1251
user_564,1180
user_646,1188
user_541,1150
user_487,1203
user_472,1209
user_471,1294
user_496,1214
user_498,1313
user_540,1156
user_413,1862
user_632,1139
user_567,1226
user_457,1229
user_624,1156
user_551,1272
user_580,1241
user_473,1263
user_636,1207
user_602,1214
user_482,1167
user_583,1281
user_275,1699
user_156,2064
user_600,1218
user_611,1237
user_497,1274
user_574,1240
user_548,1208
user_544,1215
user_459,1318
user_405,1643
user_216,1641
user_579,1245
user_622,1278
user_616,1198
user_184,1202
user_619,1209
user_481,1229
user_633,1341
user_538,1218
user_480,1386
user_303,2035
user_571,1230
user_639,1213
user_467,1380
user_553,1219
user_488,1272
user_456,1441
user_562,1219
user_476,1187
user_149,1871
user_621,1259
user_484,1278
user_598,1231
user_536,1225
user_257,1151
user_313,1944
user_370,1332
user_486,1275
user_572,1235
user_530,1249
user_520,1292
user_70,2042
user_555,1221
user_531,1221
user_595,1216
user_259,1308
user_615,1178
user_603,1310
user_576,1303
user_527,1294
user_463,1331
user_628,1261
user_306,1132
user_588,1302
user_161,1328
user_558,1213
user_634,1350
user_547,1206
user_526,1306
user_641,1233
user_625,1226
user_209,1142
user_601,1236
user_140,1143
user_507,1216
user_509,1314
user_644,1224
user_627,1195
user_464,1242
user_516,1258
user_637,1347
user_629,1271
user_638,1226
user_592,1260
user_626,1302
user_647,1226
user_218,1318
user_525,1286
user_554,1224
user_535,1294
user_539,1296
user_521,1251
user_504,1281
user_575,1303
user_590,1235
user_500,1279
user_512,1199
user_368,1162
user_506,1279
user_606,1163
user_608,1357
user_529,1308
user_597,1236
user_468,1258
user_508,1285
user_462,1330
user_610,1298
user_434,1367
user_649,1373
user_613,1297
user_563,1364
user_229,1377
user_501,1356
user_648,1328
user_503,1356
user_586,1308
user_534,1296
user_587,1309
user_577,1370
user_474,1314
user_542,1250
user_495,1348
user_543,1248
user_561,1289
user_450,1326
user_582,1306
user_469,1364
user_470,1368
user_466,1281
user_522,1341
user_514,1375
user_584,1421
user_515,1389
user_523,1379
user_477,1371
user_524,1330
user_475,1337
user_609,1322
user_550,1273
user_479,1175
user_599,1171
user_461,1312
user_513,1375
user_614,1358
user_546,1471
user_569,1417
user_152,1298
user_490,1369
user_620,1489
user_483,1459
user_375,1274
user_396,1329
user_519,1475
user_557,1358
user_556,1477
user_505,1466
user_17,1153
user_439,1142
user_49,1190
user_115,1167
user_198,1251
user_144,1258
user_244,1140
user_356,1257
user_441,1248
user_66,1149
user_77,1079
user_393,1196
user_201,1102
user_270,1028
user_256,1018
user_34,1074
user_233,1150
user_260,1162
user_438,1211
user_51,1260
user_27,1275
user_357,1357
user_80,1306
user_135,1237
user_195,1118
user_380,1242
user_406,1152
user_28,1130
user_58,1135
user_99,1135
user_280,1261
user_143,1143
user_121,1340
user_268,1323
user_100,1065
user_29,1069
user_421,1099
user_53,1169
user_35,1140
user_252,1148
user_128,1343
user_67,1380
user_352,1180
user_47,1143
user_188,1153
user_437,1752
user_377,1324
user_264,1373
user_378,1407
user_108,1422
user_208,1421
user_21,1395
user_398,1486
user_107,1443
user_147,1493
user_166,1492
user_79,1493
user_170,2898
user_42,1538
user_56,1383
user_420,1322
user_248,1362
user_66,238
user_91,3363
user_315,1774
user_164,3072
user_198,234
user_113,1568
user_548,479
user_504,584
user_558,585
user_514,663
user_640,2334
user_312,1471
user_398,210
user_188,339
user_378,248
user_500,711
user_468,716
user_39,1589
user_178,1390
user_271,1522
user_199,1547
user_231,1511
user_222,1701
user_7,1565
user_84,1529
user_228,1520
user_1,1960
user_25,1693
user_121,299
user_19,1528
user_29,308
user_565,1254
user_624,639
user_302,1554
user_391,1550
user_64,1599
user_314,1566
user_211,1551
user_608,1164
user_304,1593
user_296,1610
user_404,1574
user_376,1561
user_549,1137
user_331,1479
user_281,1570
user_648,1168
user_180,1683
user_277,1690
user_305,1719
user_346,1713
user_200,1136
user_138,1722
user_327,1703
user_429,1512
user_330,1073
user_137,1036
user_367,1659
user_173,1614
user_419,1186
user_586,1246
user_435,1702
user_109,1212
user_340,1070
user_93,1634
user_116,1725
user_169,1061
user_310,1766
user_237,1035
user_81,1747
user_445,1764
user_61,1703
user_213,1144
user_224,1074
user_190,1772
user_369,1766
user_401,1740
user_328,1152
user_206,1204
user_139,1211
user_71,1113
user_148,1722
user_365,1043
user_12,1104
user_62,1662
user_44,1123
user_334,1745
user_122,1117
user_295,1113
user_90,1669
user_63,1744
user_301,1759
user_272,1707
user_88,1665
user_150,1114
user_181,1764
user_249,1123
user_217,1133
user_234,1136
user_335,1667
user_417,1778
user_15,1199
user_85,1091
user_92,1771
user_60,1738
user_215,1785
user_394,1722
user_433,1783
user_205,1714
user_165,1862
user_319,1241
user_385,1638
user_33,1256
user_250,1253
user_154,1234
user_146,1158
user_111,1199
user_106,1207
user_49,1178
user_78,1192
user_186,1782
user_432,1290
user_46,1208
user_30,1235
user_307,1167
user_383,1192
user_614,1242
user_241,1235
user_189,1189
user_311,1822
user_239,1183
user_418,1217
user_182,1224
user_162,1795
user_387,1213
user_294,1936
user_240,1297
user_519,1130
user_232,1298
user_17,1140
user_569,1124
user_193,1233
user_247,1298
user_343,1298
user_347,1332
user_16,1715
user_229,1400
user_175,1251
user_118,1341
user_374,1925
user_36,1271
user_197,1318
user_262,1361
user_428,1240
user_411,1341
user_57,1919
user_125,1243
user_440,1239
user_69,1361
user_204,1273
user_26,1358
user_266,1357
user_444,1342
user_430,1350
user_101,1343
user_458,1427
user_358,1366
user_379,1361
user_132,1334
user_194,1355
user_212,1372
user_219,1358
user_359,1363
user_183,1378
user_142,1352
user_265,1356
user_321,1392
user_73,1379
user_253,1796
user_243,1381
user_269,1391
user_24,1396
user_226,1378
user_230,1394
user_371,1402
user_246,1374
user_649,1466
user_6,1468
user_392,1468
user_242,1872
user_559,1691
user_366,1715
user_631,1690
user_192,1751
user_214,1501
user_282,1687
user_124,1766
user_299,1766
user_466,1537
user_52,1704
user_133,1703
user_76,1746
user_82,1696
user_453,1533
user_594,1692
user_87,1810
user_37,1944
user_409,2027
user_382,1797
user_317,1951
user_489,1735
user_203,1808
user_11,2022
user_373,1805
user_4,1793
user_455,1583
user_83,1753
user_10,1773
user_332,1814
user_643,1734
user_410,1869
user_289,1934
user_207,1813
user_570,1749
user_68,1799
user_511,1886
user_187,1866
user_414,1909
user_8,1942
user_48,1817
user_290,1802
user_274,1904
user_434,1620
user_333,1940
user_22,1911
user_72,1841
user_286,1845
user_23,1820
user_416,1815
user_584,1592
user_287,1831
user_324,1906
user_442,1847
user_235,1967
user_104,1853
user_447,1834
user_349,1849
user_2,1841
user_59,1831
user_131,1942
user_573,1790
user_191,1957
user_38,1793
user_318,1655
user_13,1987
user_20,2186
user_338,1891
user_97,1877
user_341,1882
user_389,1625
user_449,1991
user_348,1886
user_136,1990
user_581,1835
user_560,1830
user_528,1835
user_31,1906
user_567,1838
user_114,1695
user_227,1641
user_86,2164
user_397,1623
user_14,1620
user_285,2112
user_399,1642
user_459,1332
user_639,1891
user_372,2264
user_482,1331
user_571,1892
user_644,1423
user_218,1430
user_427,1715
user_507,1440
user_553,1382
user_350,1778
user_491,2094
user_628,1426
user_452,1797
user_360,2276
user_522,1799
user_129,1848
user_179,1967
user_375,1600
user_607,1958
user_40,1996
user_551,1919
user_273,2017
user_276,1741
user_533,1956
user_102,2008
user_583,1919
user_354,2105
user_119,2018
user_364,1745
user_323,2143
user_438,1552
user_158,2308
user_255,1678
user_157,2087
user_587,1456
user_105,2137
user_196,1770
user_476,1420
user_245,1956
user_209,1454
user_475,1532
user_168,2146
user_293,1969
user_486,1436
user_557,1614
user_112,2262
user_616,1342
user_27,1581
user_363,2145
user_556,1596
user_67,1260
user_408,1775
user_425,2173
user_403,1749
user_613,1478
user_368,1847
user_223,2336
user_443,2193
user_297,1737
user_604,1838
user_483,1607
user_568,1955
user_110,2262
user_454,2116
user_95,2120
user_145,2113
user_220,2144
user_195,1232
user_510,1835
user_267,2168
user_534,1480
user_167,1824
user_362,1943
user_525,1470
user_127,2190
user_152,1609
user_386,1958
user_316,2172
user_236,1794
user_172,2213
user_153,2364
user_602,1369
user_582,1868
user_309,2207
user_141,2168
user_322,1845
user_545,1969
user_70,1479
user_424,2212
user_34,1229
user_555,1497
user_80,1222
user_54,1789
user_524,1528
user_96,1779
user_526,1504
user_562,1464
user_177,2216
user_275,1412
user_603,1488
user_393,1219
user_345,2211
user_320,1718
user_201,1632
user_143,1331
user_505,1616
user_485,1804
user_546,1679
user_422,1943
user_412,2187
user_646,1990
user_464,1509
user_292,2264
user_527,1421
user_585,1943
user_140,1553
user_641,1569
user_439,1698
user_53,1140
user_257,1532
user_210,1873
user_580,1459
user_521,1553
user_216,1471
user_303,1478
user_407,1790
user_563,1550
user_579,1463
user_610,1550
user_574,1470
user_561,1598
user_270,1292
user_291,1853
user_633,1469
user_3,2225
user_600,1470
user_597,1568
user_501,1592
user_520,1530
user_161,1507
user_313,1526
user_503,1569
user_530,1552
user_474,1481
user_477,1618
user_128,1185
user_490,1678
user_396,1704
user_356,1237
user_598,1510
user_588,1550
user_344,1822
user_615,1552
user_28,1440
user_625,1544
user_547,1508
user_638,1465
user_629,1630
user_627,1671
user_77,1347
user_437,1323
user_268,1439
user_47,1305
user_100,1434
user_144,1727
user_493,2156
user_462,1579
user_484,1597
user_184,1580
user_278,1760
user_176,2198
user_535,1680
user_202,2200
user_596,1791
user_370,1436
user_536,1604
user_56,1249
user_66,1248
user_420,1276
user_388,2531
user_537,2335
user_74,2490
user_593,2335
user_384,2163
user_578,2338
user_300,2036
user_32,2048
user_400,1915
user_415,2011
user_431,2206
user_630,1850
user_552,1853
user_55,1903
user_353,1714
user_0,2205
user_126,1967
user_325,1658
user_395,2059
user_339,1920
user_457,1854
user_159,1898
user_134,2017
user_515,1692
user_326,1692
user_238,1644
user_518,2338
user_612,1836
user_261,1715
user_308,2495
user_499,2340
user_258,2130
user_41,2221
user_225,2214
user_635,1849
user_618,2340
user_623,2328
user_532,2323
user_117,2717
user_642,2173
user_342,2495
user_480,2291
user_460,2362
user_465,2370
user_390,2704
user_543,2235
user_75,2418
user_494,2336
user_174,1667
user_298,2169
user_284,2355
user_605,2375
user_94,2526
user_589,1869
user_89,1901
user_481,1808
user_566,1851
user_18,1667
user_351,2033
user_5,2033
user_221,2032
user_636,1814
user_448,1834
user_171,1912
user_120,1858
user_451,1820
user_564,1840
user_288,1993
user_645,2365
user_263,2348
user_50,2366
user_65,2164
user_492,2364
user_123,2727
user_103,2539
user_617,2380
user_423,2444
user_107,1391
user_361,2574
user_591,2232
user_283,2422
user_43,2414
user_9,2164
user_329,2349
user_502,2354
user_147,1394
user_315,1366
user_79,1459
user_312,1409
user_378,1330
user_487,1455
user_166,1200
user_637,1622
user_91,1520
user_198,1506
user_540,1572
user_405,1468
user_248,1526
user_149,1603
user_115,1708
user_472,1507
user_35,1264
user_590,1576
user_151,2231
user_208,1185
user_632,1520
user_98,1952
user_513,1695
user_413,1464
user_469,1654
user_468,1366
user_550,1692
user_496,1522
user_461,1695
user_576,1624
user_634,1617
user_516,1619
user_601,1631
user_592,1635
user_436,2214
user_539,1629
user_606,1541
user_156,1525
user_381,2230
user_108,1233
user_506,1522
user_233,1200
user_155,1837
user_542,1568
user_512,1558
user_421,1209
user_336,2289
user_599,1640
user_529,1567
user_402,1463
user_251,2161
user_357,1379
user_619,1531
user_446,2141
user_467,1521
user_352,1300
user_254,1700
user_611,1514
user_380,1396
user_479,1679
user_509,1511
user_647,1538
user_497,1453
user_51,1300
user_264,1153
user_541,1454
user_554,1627
user_244,1228
user_463,1549
user_626,1570
user_135,1293
user_441,1318
user_21,1196
user_575,1632
user_498,1463
user_473,1535
user_622,1552
user_45,2000
user_280,1245
user_406,1323
user_260,1582
user_620,1680
user_259,1614
user_42,1153
user_450,1646
user_609,1733
user_621,1641
user_523,1696
user_252,1212
user_58,1499
user_426,1718
user_531,1615
user_306,1615
user_256,1356
user_488,1496
user_595,1445
user_471,1464
user_470,1667
user_456,1577
user_572,1611
user_549,1220
user_228,1384
user_377,1657
user_99,1518
user_538,1929
user_544,2023
user_624,1379
user_508,1525
user_150,1236
user_222,1411
user_398,1439
user_640,1534
user_7,1425
user_548,1564
user_231,1448
user_504,1587
user_234,1266
user_305,1321
user_514,1569
user_188,1466
user_39,1424
user_500,1526
user_445,1181
user_63,1336
user_33,1238
user_271,1445
user_122,1203
user_178,1443
user_608,1470
user_69,1183
user_180,1450
user_64,1330
user_331,1453
user_113,1681
user_296,1364
user_565,1523
user_90,1364
user_92,1295
user_294,1337
user_154,1319
user_310,1209
user_197,1285
user_81,1270
user_558,1728
user_1,1559
user_319,1327
user_249,1298
user_165,1321
user_250,1342
user_61,1284
user_217,1298
user_304,1563
user_205,1325
user_175,1312
user_30,1384
user_376,1475
user_44,1327
user_139,1329
user_371,1149
user_206,1308
user_25,1599
user_385,1329
user_84,1564
user_19,1603
user_369,1309
user_391,1599
user_433,1351
user_62,1335
user_224,1316
user_365,1291
user_401,1330
user_190,1338
user_330,1350
user_148,1364
user_334,1369
user_12,1368
user_199,1616
user_394,1390
user_109,1359
user_328,1430
user_417,1444
user_213,1437
user_29,1745
user_15,1459
user_374,1445
user_359,1410
user_36,1227
user_232,1555
user_237,1572
user_392,1472
user_116,1527
user_93,1597
user_295,1627
user_215,1665
user_226,1592
user_281,1806
user_340,1567
user_435,1567
user_170,2223
user_327,1568
user_429,1568
user_272,1684
user_301,1703
user_88,1706
user_173,1626
user_242,1573
user_367,1625
user_277,1878
user_137,1636
user_73,1669
user_169,1669
user_101,1580
user_265,1608
user_121,2067
user_4,1577
user_71,1809
user_138,1712
user_586,1751
user_85,1838
user_130,3297
user_287,1649
user_321,1688
user_495,3300
user_38,1638
user_253,1712
user_183,1706
user_335,1910
user_358,1683
user_444,1680
user_453,1742
user_404,2039
user_241,1956
user_311,1960
user_24,1715
user_419,1827
user_458,1697
user_211,2036
user_132,1684
user_649,1730
user_204,1694
user_186,1642
user_57,1672
user_125,1686
user_26,1694
user_246,1739
user_23,1697
user_212,1709
user_379,1708
user_502,1062
user_111,2001
user_219,1741
user_302,2044
user_430,1715
user_146,1994
user_16,1947
user_378,421
user_131,1674
user_481,1124
user_567,1685
user_46,1711
user_329,1076
user_59,1676
user_37,1551
user_60,2006
user_432,1707
user_395,1193
user_164,2498
user_571,1338
user_11,1672
user_289,1673
user_366,1578
user_207,1671
user_126,1106
user_282,1594
user_387,1834
user_593,1305
user_639,1694
user_614,1831
user_360,1676
user_483,1632
user_351,1257
user_332,1677
user_499,1290
user_87,1654
user_553,1684
user_247,1854
user_466,1588
user_551,1368
user_300,1306
user_383,1830
user_273,1666
user_349,1704
user_519,1850
user_324,1689
user_182,1828
user_388,1326
user_185,3846
user_573,1824
user_181,2100
user_416,1693
user_112,1646
user_420,1330
user_465,1129
user_636,1237
user_361,1187
user_350,1684
user_218,1692
user_382,1684
user_631,1631
user_10,1686
user_326,1309
user_193,1849
user_192,1582
user_569,1851
user_227,1244
user_179,1708
user_528,1799
user_86,1241
user_114,1229
user_189,1838
user_584,1681
user_160,3939
user_274,1707
user_32,1308
user_221,1249
user_40,1357
user_459,1361
user_78,1840
user_18,1249
user_644,1733
user_83,1721
user_307,1844
user_229,1855
user_2,1339
user_583,1668
user_507,1361
user_22,1698
user_285,1234
user_76,1621
user_158,1436
user_152,1579
user_239,1856
user_607,1398
user_127,1614
user_148,456
user_49,1831
user_333,1704
user_560,1241
user_52,1598
user_489,1696
user_203,1886
user_581,1227
user_317,1898
user_347,1855
user_68,1696
user_533,1703
user_401,450
user_612,1296
user_590,1079
user_119,1665
user_518,1297
user_522,1399
user_414,1695
user_266,1886
user_123,1257
user_337,3944
user_31,1232
user_556,1582
user_288,1248
user_354,1656
user_286,1732
user_191,1805
user_570,1709
user_238,1153
user_79,1208
user_245,1610
user_157,1655
user_511,1688
user_35,682
user_330,494
user_72,1717
user_262,1899
user_474,1095
user_303,1091
user_386,1109
user_611,722
user_312,669
user_441,746
user_172,1002
user_554,745
user_184,1121
user_202,1129
user_616,1755
user_48,1813
user_124,1723
user_434,1815
user_375,1492
user_104,1835
user_447,1836
user_187,1816
user_255,1594
user_442,1834
user_642,1246
user_240,1985
user_199,878
user_12,552
user_343,2001
user_397,1382
user_290,2031
user_575,782
user_299,1727
user_346,2130
user_129,1492
user_409,1813
user_325,1246
user_196,1783
user_411,2031
user_594,1754
user_357,1173
user_225,1452
user_418,2321
user_314,2386
user_373,1840
user_482,1512
user_648,2432
user_162,1998
user_415,1467
user_235,2028
user_486,1713
user_605,1430
user_318,1972
user_106,1995
user_194,2045
user_50,1365
user_589,1361
user_17,2008
user_339,1471
user_428,2038
user_591,1404
user_440,2039
user_142,2242
user_456,1195
user_469,1234
user_617,1367
user_118,2018
user_107,1421
user_200,2448
user_540,758
user_243,2243
user_258,1316
user_638,1188
user_538,1209
user_33,1095
user_77,1194
user_568,1750
user_496,1246
user_25,966
user_334,935
user_400,1517
user_322,1109
user_214,1806
user_603,1112
user_8,2094
user_230,2129
user_376,589
user_345,1112
user_582,1107
user_517,3895
user_613,1798
user_478,3893
user_393,1137
user_577,3759
user_279,3897
user_163,4075
user_295,683
user_355,4192
user_269,2154
user_550,1277
user_54,1135
user_232,834
user_64,1136
user_526,1161
user_602,1158
user_445,1169
user_524,1162
user_210,1252
user_555,1180
user_34,1180
user_80,1182
user_113,1169
user_424,1182
user_562,1184
user_236,1197
user_153,1197
user_141,1201
user_275,1202
user_180,1209
user_140,1298
user_222,1328
user_70,1215
user_271,1225
user_292,1317
user_197,1137
user_520,1319
user_633,1320
user_201,1348
user_627,1367
user_600,1376
user_485,1369
user_313,1375
user_514,1352
user_323,1820
user_3,1377
user_579,1372
user_580,1373
user_625,1379
user_268,1391
user_467,1459
user_96,1311
user_512,1463
user_535,1430
user_508,1431
user_563,1409
user_615,1406
user_479,1454
user_250,1209
user_352,1458
user_216,1402
user_596,1450
user_344,1420
user_462,1420
user_62,1178
user_621,1443
user_530,1404
user_574,1417
user_510,1991
user_558,1215
user_598,1402
user_610,1403
user_143,1397
user_256,1443
user_53,1452
user_175,1227
user_228,1488
user_178,1267
user_159,1601
user_475,1958
user_473,1518
user_464,1475
user_500,1282
user_452,1864
user_161,1479
user_128,1476
user_439,1480
user_513,1558
user_488,1519
user_259,1548
user_100,1525
user_6,2494
user_604,2078
user_27,2077
user_477,1510
user_437,1526
user_396,1510
user_557,2085
user_356,1520
user_534,2107
user_443,2167
user_176,1527
user_264,1558
user_167,2144
user_291,1555
user_209,2038
user_504,1536
user_99,1221
user_438,1999
user_606,1617
user_368,2126
user_506,1617
user_413,1634
user_63,1373
user_363,2138
user_168,2050
user_69,1385
user_455,2278
user_297,2147
user_147,1794
user_399,1828
user_646,1566
user_362,2168
user_82,2193
user_223,2160
user_267,2166
user_484,1608
user_56,1965
user_493,1592
user_536,1256
user_41,1711
user_276,1986
user_145,2164
user_403,2169
user_426,1262
user_234,1331
user_372,1976
user_454,2164
user_595,1236
user_541,1627
user_308,1710
user_480,1719
user_408,2146
user_619,1624
user_166,1209
user_42,1278
user_13,1861
user_20,1865
user_284,1774
user_470,1280
user_156,1252
user_7,1334
user_342,1762
user_423,1841
user_364,2060
user_532,1760
user_422,1590
user_120,1841
user_487,1724
user_133,2243
user_248,1718
user_233,1210
user_66,1706
user_561,1601
user_336,1238
user_45,1259
user_9,1822
user_65,1793
user_384,1709
user_151,1184
user_293,2190
user_529,1264
user_389,1873
user_497,1678
user_461,1255
user_576,1692
user_105,2053
user_95,2163
user_632,1192
user_425,2140
user_171,1841
user_468,1696
user_626,1304
user_14,1908
user_592,1720
user_492,1873
user_491,2045
user_108,1307
user_353,1822
user_601,1306
user_84,1456
user_410,2383
user_588,1681
user_341,1931
user_89,1904
user_537,1799
user_315,1921
user_94,1977
user_134,1823
user_641,1697
user_195,2287
user_523,1361
user_298,1853
user_623,1848
user_449,1948
user_220,2299
user_618,1845
user_450,1374
user_587,2158
user_531,1373
user_564,1916
user_546,1717
user_578,1823
user_117,1828
user_370,1369
user_509,1339
user_634,1323
user_103,1909
user_261,1811
user_421,1339
user_1,1568
user_427,2126
user_398,1452
user_188,1494
user_622,1803
user_630,1890
user_572,1426
user_0,1892
user_543,1912
user_115,1848
user_476,2250
user_331,1606
user_338,2012
user_609,1438
user_244,1360
user_390,1926
user_319,1589
user_460,1922
user_28,1768
user_283,1986
user_498,1425
user_552,1891
user_74,1891
user_177,1688
user_525,2304
user_43,1990
user_490,1771
user_628,2147
user_503,1783
user_407,1760
user_98,1376
user_144,1778
user_431,1909
user_97,2025
user_5,1994
user_254,1428
user_645,1907
user_21,1408
user_296,1633
user_647,1360
user_122,1670
user_252,1534
user_272,1216
user_597,1762
user_559,2392
user_505,1802
user_75,1929
user_566,2085
user_320,1803
user_67,2457
user_116,1330
user_521,1782
user_305,1493
user_471,1469
user_635,1935
user_280,1446
user_306,1480
user_198,1966
user_545,1685
user_446,1426
user_102,2156
user_549,1553
user_548,1531
user_150,1579
user_58,1551
user_501,1891
user_92,1618
user_629,1904
user_547,1902
user_257,1898
user_374,1567
user_249,1708
user_309,1808
user_136,2150
user_448,2167
user_47,1919
user_316,1808
user_301,1327
user_402,1538
user_270,1822
user_15,1491
user_190,1656
user_36,1282
user_155,1396
user_640,1479
user_472,1375
user_348,2009
user_371,1565
user_29,1328
user_90,1634
user_608,1597
user_149,1505
user_174,1915
user_278,2227
user_110,2353
user_599,1346
user_39,1551
user_231,1648
user_527,1699
user_55,1997
user_165,1696
user_263,2116
user_135,1417
user_585,1897
user_433,1381
user_226,1297
user_381,1415
user_154,1336
user_51,1416
user_365,1377
user_30,1373
user_213,1417
user_237,1489
user_260,1442
user_463,1417
user_565,1742
user_451,2000
user_405,1494
user_542,1347
user_539,1346
user_620,1628
user_436,1525
user_624,1644
user_516,1600
user_377,1602
user_494,1862
user_44,1577
user_121,1482
user_586,1486
user_369,1613
user_137,1558
user_205,1604
user_277,1619
user_109,1661
user_85,1503
user_544,1877
user_138,1515
user_101,1521
user_637,1850
user_91,1593
user_208,1399
user_406,1659
user_217,1663
user_251,1901
user_4,1582
user_453,1490
user_224,1686
user_19,1682
user_385,1680
user_412,2270
user_434,1160
user_394,1699
user_255,1154
user_88,1624
user_215,1631
user_61,1688
user_281,1608
user_265,1607
user_170,1640
user_335,1494
user_50,1125
user_457,2587
user_26,1505
user_206,1679
user_429,1723
user_219,1571
user_378,1533
user_330,1295
user_73,1741
user_132,1597
user_196,1253
user_571,1403
user_339,1250
user_340,1738
user_211,1615
user_430,1588
user_173,1754
user_417,1852
user_212,1603
user_24,1630
user_253,1636
user_358,1632
user_400,1221
user_554,1317
user_104,1295
user_642,1291
user_345,1185
user_435,1783
user_111,1643
user_375,1343
user_432,1598
user_16,1644
user_230,1216
user_419,1673
user_639,1454
user_59,1607
user_164,1507
user_321,1716
user_258,1140
user_474,1380
user_184,1369
user_186,1677
user_428,1315
user_611,1389
user_481,1627
user_482,1145
user_130,1767
user_140,1197
user_57,1705
user_612,1427
user_235,1149
user_458,1705
user_241,1714
user_357,1361
user_314,1358
user_131,1637
user_34,1224
user_60,1634
user_456,1176
user_77,1189
user_440,1393
user_71,1831
user_246,1747
user_289,1545
user_418,1412
user_395,1678
user_367,1902
user_129,1199
user_48,1182
user_605,1426
user_46,1713
user_172,1174
user_414,1144
user_79,1144
user_379,1772
user_146,1753
user_522,1156
user_202,1192
user_264,1064
user_35,1158
user_383,1092
user_350,1107
user_397,1240
user_141,1309
user_567,1744
user_266,1175
user_52,1201
user_218,1202
user_185,1179
user_351,1174
user_483,1174
user_560,1223
user_614,1173
user_288,1242
user_203,1242
user_349,1197
user_2,1230
user_332,1224
user_148,1243
user_553,1200
user_247,1217
user_160,1252
user_282,1211
user_286,1285
user_72,1289
user_593,1247
user_300,1277
user_285,1314
user_388,1280
user_324,1308
user_229,1336
user_387,1312
user_573,1315
user_87,1314
user_182,1314
user_259,1295
user_126,1350
user_416,1327
user_583,1355
user_78,1355
user_158,1396
user_360,1384
user_169,2211
user_382,1384
user_307,1390
user_83,1396
user_167,1304
user_459,1396
user_86,1395
user_53,1416
user_489,1422
user_112,1381
user_347,1444
user_32,1410
user_644,1411
user_507,1410
user_465,1383
user_227,1407
user_207,1365
user_274,1435
user_569,1435
user_499,1400
user_437,1273
user_361,1408
user_326,1435
user_189,1498
user_221,1501
user_466,1467
user_22,1500
user_40,1508
user_442,1597
user_42,1358
user_18,1513
user_159,1512
user_401,1543
user_621,1568
user_175,1549
user_114,1542
user_403,1399
user_528,1542
user_10,1542
user_152,1559
user_333,1560
user_551,1520
user_533,1608
user_49,1601
user_239,1595
user_631,1583
user_181,1572
user_76,1644
user_225,1730
user_354,1659
user_511,1675
user_392,2668
user_337,1721
user_191,1736
user_157,1774
user_447,2154
user_514,1891
user_302,2459
user_107,2112
user_575,1913
user_373,1925
user_518,1854
user_139,2681
user_582,2045
user_508,1856
user_240,1904
user_162,1930
user_187,1909
user_17,1933
user_343,1916
user_502,2463
user_638,1956
user_310,2663
user_603,2016
user_590,1866
user_8,2035
user_329,2422
user_464,1623
user_325,1921
user_334,2090
user_327,2625
user_81,2708
user_304,2721
user_380,3388
user_584,1888
user_348,1412
user_591,2012
user_469,2015
user_570,1929
user_54,2128
user_550,2128
user_123,1936
user_495,2611
user_33,2185
user_262,1942
user_125,2571
user_150,1130
user_188,1572
user_309,1132
user_245,1936
user_574,1546
user_312,1989
user_12,2023
user_616,1999
user_359,2851
user_376,2158
user_473,1727
user_23,2584
user_460,1090
user_25,2069
user_322,2119
user_93,2715
user_119,1966
user_317,1954
user_555,2135
user_124,2012
user_106,2050
user_486,2049
user_94,1705
user_89,1713
user_589,2053
user_580,2030
user_619,1796
user_346,2027
user_556,1993
user_62,1976
user_496,2094
user_290,2043
user_636,1924
user_441,2016
user_415,2065
user_537,1713
user_600,2027
user_142,2071
user_475,1746
user_238,1973
user_562,2130
user_68,1970
user_568,2075
user_43,1114
user_214,2121
user_194,2068
user_318,2057
user_37,2533
user_21,1166
user_161,1757
user_540,2065
user_386,1986
user_538,2080
user_352,1993
user_391,2844
user_643,4144
user_294,2811
user_267,1851
user_272,1164
user_443,1842
user_7,1829
user_305,1166
user_320,1165
user_509,1052
user_234,1861
user_409,2109
user_128,1815
user_592,1816
user_328,2938
user_147,1911
user_41,1902
user_561,1866
user_491,1832
user_179,2121
user_156,1967
user_276,1997
user_449,1193
user_176,1991
user_532,1127
user_470,1123
user_384,1141
user_487,1128
user_646,1100
user_233,1969
user_166,1121
user_173,1194
user_477,1991
user_396,2005
user_461,1971
user_223,2016
user_151,1870
user_65,1976
user_515,3965
user_362,1109
user_581,2219
user_519,2161
user_342,1173
user_363,2088
user_11,2145
user_297,2060
user_432,1056
user_193,2189
user_56,1154
user_261,1278
user_618,1247
user_341,1217
user_133,2021
user_484,1160
user_235,1113
user_420,2173
user_414,1087
user_63,1128
user_117,1267
user_394,1364
user_531,1263
user_219,1009
user_419,1189
user_168,1135
user_426,1199
user_330,1016
user_634,1288
user_422,1186
user_587,1259
user_408,1174
user_364,1206
user_131,1140
user_111,1222
user_506,1158
user_493,1185
user_413,1159
user_372,1198
user_291,2142
user_145,1197
user_120,1219
user_480,1208
user_321,1108
user_454,1206
user_308,1207
user_389,1250
user_611,1226
user_368,1185
user_567,1108
user_595,1223
user_529,1261
user_366,2267
user_58,1530
user_375,1309
user_27,2149
user_140,1220
user_512,1938
user_69,1264
user_315,1341
user_450,1367
user_536,1272
user_455,1265
user_431,1496
user_622,1432
user_623,1366
user_521,1502
user_541,1284
user_192,2309
user_248,1297
user_75,1501
user_576,1311
user_98,1482
user_284,1291
user_438,1244
user_606,1245
user_427,1434
user_293,1322
user_630,1446
user_177,1494
user_253,1374
user_597,1512
user_84,1356
user_220,1392
user_632,1325
user_566,1512
user_578,1388
user_95,1324
user_497,1333
user_100,2185
user_588,1336
user_231,1633
user_6,2187
user_356,2202
user_122,1527
user_244,1489
user_446,1514
user_557,2204
user_105,2170
user_301,1577
user_44,1637
user_604,2194
user_544,1574
user_66,1305
user_635,1533
user_513,2163
user_336,2176
user_303,2403
user_439,2154
user_9,2175
user_370,1387
user_488,2162
user_534,2205
user_61,1547
user_198,1566
user_283,1553
user_251,1121
user_5,1563
user_109,1631
user_88,1549
user_319,1545
user_476,1541
user_96,2015
user_344,2020
user_143,2043
user_144,1573
user_102,1613
user_205,1652
user_607,2427
user_501,1628
user_215,1154
user_629,1628
user_222,1836
user_249,1632
user_335,1566
user_296,1588
user_552,1580
user_252,1587
user_97,1587
user_545,1593
user_178,2129
user_462,2046
user_510,2053
user_558,2052
user_407,1578
user_402,1658
user_500,2217
user_0,2087
user_645,1585
user_448,1656
user_498,1581
user_647,1588
user_115,1555
user_596,2063
user_467,2032
user_28,1620
user_430,1486
user_503,1625
user_306,1634
user_316,1677
user_201,1905
user_1,1565
user_85,1650
user_609,1605
user_628,1624
user_47,1676
user_255,1606
user_424,2638
user_492,1418
user_548,1652
user_256,2104
user_471,1633
user_339,1281
user_452,2216
user_530,2089
user_298,1510
user_135,1795
user_559,1629
user_118,2559
user_369,1072
user_45,1404
user_228,2163
user_640,1723
user_615,2065
user_31,2494
user_270,1679
user_472,1756
user_313,2015
user_610,2132
user_637,1583
user_547,1711
user_411,2591
user_268,2016
user_80,1895
user_299,2551
user_543,2152
user_15,1676
user_121,1794
user_625,2037
user_602,1921
user_155,2051
user_64,1913
user_197,1964
user_279,1905
user_563,2136
user_633,1963
user_232,1876
user_520,1953
user_190,1726
user_287,3220
user_242,3337
user_127,2535
user_273,2495
user_70,1950
user_445,1929
user_101,1165
user_572,2195
user_16,1278
user_371,1770
user_323,2015
user_292,1930
user_598,2152
user_210,1921
user_626,1448
user_91,1269
user_345,1386
user_278,1793
user_138,1167
user_311,3227
user_269,1886
user_527,1788
user_183,3229
user_30,1900
user_479,2162
user_180,1927
user_353,1570
user_90,1822
user_485,2073
user_360,1183
user_254,1796
user_586,1180
user_539,1969
user_525,1724
user_468,2363
user_627,2063
user_174,1793
user_266,1404
user_165,1840
user_612,1460
user_241,1463
user_585,1956
user_579,2075
user_535,2177
user_331,1762
user_55,1793
user_103,1636
user_444,3271
user_216,2178
user_199,2704
user_648,2701
user_601,1615
user_385,1347
user_277,1211
user_490,1733
user_204,3217
user_271,2033
user_243,2888
user_526,1944
user_406,1315
user_29,1772
user_257,1831
user_549,1792
user_208,1314
user_132,1405
user_116,1787
user_338,1746
user_38,3259
user_399,1505
user_110,1891
user_19,1326
user_608,2062
user_250,2179
user_170,1294
user_163,1929
user_134,2273
user_74,1809
user_456,1572
user_236,2019
user_137,1229
user_546,1716
user_400,1488
user_642,1489
user_20,1633
user_3,2138
user_429,1397
user_474,1423
user_265,1269
user_200,2739
user_149,1882
user_203,1142
user_365,1962
user_382,1171
user_196,1425
user_524,1849
user_412,1345
user_73,1423
user_36,1774
user_425,1654
user_108,1629
user_340,1481
user_78,1292
user_397,1230
user_13,1691
user_104,1749
user_300,1399
user_136,1934
user_482,1620
user_350,1226
user_224,1446
user_209,1643
user_354,1091
user_281,1464
user_571,1539
user_333,1174
user_158,1337
user_289,1634
user_60,1627
user_483,1241
user_221,1161
user_383,1210
user_195,1765
user_417,1560
user_77,1645
user_351,1517
user_275,2158
user_92,1947
user_146,1193
user_226,2076
user_621,1177
user_99,1677
user_466,1178
user_314,1639
user_435,1624
user_169,1338
user_213,2065
user_349,1280
user_593,1287
user_416,1308
user_594,3038
user_459,1108
user_185,1239
user_428,1603
user_26,1526
user_620,2107
user_404,3385
user_164,1585
user_159,1186
user_259,1288
user_378,1537
user_451,2100
user_126,1302
user_182,1356
user_560,1274
user_130,1621
user_542,2109
user_358,1547
user_533,1136
user_613,2161
user_381,2093
user_494,2157
user_583,1370
user_247,1350
user_32,1202
user_79,1199
user_644,1127
user_523,1765
user_564,1794
user_72,1265
user_639,1661
user_390,1911
user_129,1188
user_246,1218
user_57,1702
user_434,1463
user_172,1215
user_87,1297
user_280,1909
user_39,2007
user_217,1461
user_393,2116
user_367,1184
user_605,1273
user_436,2143
user_175,1199
user_4,1521
user_59,1665
user_160,1334
user_83,1445
user_599,2014
user_458,1707
user_184,1668
user_46,1231
user_387,1385
user_326,1343
user_522,1298
user_551,1183
user_499,1210
user_423,1728
user_465,1237
user_504,1677
user_379,1235
user_565,2157
user_35,1244
user_218,1238
user_617,2872
user_398,1895
user_418,1264
user_40,1240
user_478,2214
user_388,1378
user_34,1701
user_53,1224
user_569,1198
user_553,1360
user_42,1280
user_167,1421
user_374,2014
user_282,1325
user_274,1202
user_528,1307
user_631,1189
user_264,1269
user_405,2159
user_52,1437
user_114,1245
user_614,1352
user_355,2173
user_212,1642
user_113,2218
user_517,2104
user_577,2186
user_48,1294
user_324,1378
user_258,1684
user_442,1347
user_141,1298
user_437,1212
user_347,1185
user_10,1256
user_22,1283
user_171,1748
user_285,1357
user_401,1245
user_229,1382
user_18,1219
user_403,1304
user_307,1394
user_288,1276
user_71,1219
user_505,1984
user_332,1344
user_148,1326
user_181,1153
user_361,1254
user_152,1251
user_395,1197
user_191,1213
user_49,1091
user_377,2096
user_189,1340
user_457,1540
user_207,1308
user_433,2135
user_112,1305
user_507,1304
user_464,1398
user_550,1324
user_150,1333
user_327,1410
user_591,1360
user_518,1414
user_508,1413
user_162,1399
user_329,1415
user_638,1414
user_139,1409
user_54,1360
user_514,1438
user_187,1402
user_537,1264
user_380,1406
user_574,1337
user_17,1450
user_107,1457
user_81,1377
user_334,1447
user_240,1463
user_7,1309
user_487,1161
user_582,1461
user_376,1248
user_447,1471
user_37,1284
user_352,1292
user_509,1312
user_320,1311
user_317,1267
user_575,1463
user_310,1458
user_511,1273
user_295,2287
user_225,1212
user_489,1306
user_51,2264
user_76,1150
user_153,2209
user_2,1326
user_154,2158
user_206,1496
user_421,1798
user_440,1315
user_481,1680
user_211,1580
user_86,1291
user_554,1628
user_67,1889
user_603,1477
user_161,1310
user_304,1368
user_82,1667
user_491,1293
user_262,1409
user_14,1736
user_325,1463
user_8,1496
user_24,1610
user_239,1200
user_186,1590
user_227,1202
user_573,1384
user_202,1228
user_463,2269
user_556,1301
user_618,1116
user_473,1274
user_260,2156
user_230,1608
user_410,1831
user_263,2227
user_50,1478
user_286,1491
user_516,2164
user_624,2092
user_237,2099
user_357,1662
user_337,1296
user_555,1271
user_142,1276
user_443,1337
user_460,1284
user_600,1276
user_302,1506
user_188,1420
user_166,1199
user_469,1352
user_561,1203
user_623,1059
user_309,1469
user_267,1400
user_194,1359
user_214,1475
user_502,1541
user_147,1254
user_12,1388
user_156,1260
user_584,1412
user_346,1315
user_245,1524
user_634,1227
user_43,1423
user_305,1440
user_538,1366
user_21,1412
user_356,1076
user_23,1498
user_95,1061
user_238,1407
user_294,1377
user_234,1335
user_348,1416
user_562,1353
user_646,1192
user_124,1415
user_568,1421
user_106,1402
user_89,1449
user_441,1405
user_272,1387
user_619,1484
user_409,1513
user_391,1422
user_233,1225
user_312,1504
user_62,1405
user_529,1179
user_590,1594
user_125,1602
user_25,1470
user_589,1418
user_540,1421
user_570,1468
user_384,1207
user_176,1299
user_322,1393
user_486,1403
user_580,1485
user_6,1136
user_450,1184
user_616,1423
user_475,1454
user_276,1298
user_119,1478
user_359,1392
user_415,1408
user_366,1124
user_179,1099
user_93,1477
user_495,1510
user_532,1136
user_94,1398
user_41,1305
user_290,1402
user_68,1404
user_636,1403
user_33,1510
user_643,1438
user_65,1369
user_592,1500
user_496,1691
user_318,1699
user_519,1488
user_414,1524
user_63,1524
user_151,1542
user_11,1579
user_515,1552
user_193,1604
user_426,1620
user_477,1566
user_386,1827
user_297,1621
user_396,1584
user_342,1650
user_223,1634
user_581,1654
user_484,1681
user_506,1674
user_627,1211
user_362,1650
user_235,1687
user_394,1704
user_56,1705
user_128,1741
user_363,1709
user_432,1795
user_341,1801
user_328,1943
user_373,2327
user_123,2253
user_343,2332
user_319,1847
user_578,1864
user_75,1891
user_497,1946
user_606,1932
user_244,1968
user_100,2033
user_622,1969
user_630,2035
user_431,1969
user_566,2042
user_419,2210
user_576,2000
user_446,2077
user_122,2076
user_500,1970
user_407,1964
user_541,2013
user_438,2115
user_455,1993
user_58,1976
user_140,1992
user_462,1993
user_461,2184
user_220,2065
user_632,2068
user_392,2799
user_453,3654
user_84,2103
user_375,2015
user_588,2113
user_284,2093
user_597,2104
user_513,2128
user_0,2025
user_512,2015
user_231,2137
user_98,2080
user_133,2279
user_69,2044
user_604,2140
user_641,3559
user_521,2047
user_253,2114
user_330,2295
user_552,2063
user_547,1978
user_168,2291
user_531,2284
user_261,2305
user_173,2267
user_536,2085
user_645,2081
user_192,2107
user_140,82
user_157,2798
user_220,83
user_649,5221
user_477,245
user_470,2230
user_449,2217
user_406,1854
user_461,91
user_462,96
user_579,1838
user_512,79
user_445,1979
user_646,762
user_513,82
user_547,76
user_69,88
user_315,2136
user_595,2018
user_254,1852
user_461,44
user_649,43
user_220,41
user_477,43
user_293,2220
user_596,1531
user_120,1997
user_462,43
user_117,2402
user_44,1449
user_406,63
user_204,1997
user_476,1482
user_531,115
user_16,2033
user_404,1715
user_199,1927
user_138,2039
user_633,1766
user_510,1556
user_637,1663
user_47,1597
user_557,1499
user_97,1564
user_277,1968
user_420,2471
user_296,1571
user_126,1336
user_26,1328
user_596,96
user_406,89
user_249,1602
user_209,1928
user_265,1047
user_281,1940
user_544,1577
user_336,1578
user_204,131
user_461,157
user_595,158
user_531,130
user_44,136
user_477,146
user_251,1610
user_301,1600
user_150,618
user_53,1493
user_103,2059
user_252,1682
user_637,142
user_434,1488
user_224,1248
user_329,653
user_39,1638
user_404,176
user_327,665
user_638,667
user_47,150
user_218,1537
user_611,2259
user_191,1607
user_511,724
user_160,1660
user_345,2013
user_583,1504
user_390,1522
user_13,1231
user_454,2227
user_377,1613
user_131,2213
user_52,1577
user_274,1591
user_259,1481
user_416,1481
user_143,1725
user_139,1566
user_364,2201
user_66,1675
user_65,1107
user_247,1524
user_282,1563
user_107,1523
user_169,1369
user_158,1307
user_141,1600
user_639,1525
user_539,2104
user_275,1326
user_557,191
user_99,1371
user_360,2103
user_86,750
user_341,864
user_209,148
user_633,227
user_415,1342
user_493,2271
user_21,1085
user_146,2001
user_175,1596
user_571,1426
user_59,1595
user_631,1612
user_618,1025
user_273,2318
user_302,1377
user_553,1610
user_569,1611
user_388,1610
user_130,1606
user_417,1420
user_546,1208
user_32,1573
user_217,1593
user_400,1208
user_442,1665
user_167,1636
user_40,1636
user_643,1355
user_333,1377
user_577,1665
user_42,1636
user_326,1591
user_184,1607
user_114,1654
user_90,2175
user_374,1660
user_338,2241
user_164,1561
user_34,1638
user_351,1408
user_193,1114
user_603,1535
user_148,1714
user_355,1661
user_48,1652
user_183,2298
user_594,1559
user_403,1686
user_478,1651
user_514,1637
user_111,2305
user_219,2719
user_565,1635
user_398,1647
user_466,1425
user_18,1695
user_212,1639
user_57,1593
user_614,1693
user_170,2243
user_210,2083
user_73,1228
user_17,1583
user_389,2324
user_413,2285
user_9,1738
user_412,1231
user_325,1390
user_644,1596
user_368,2345
user_280,1698
user_381,1599
user_435,1526
user_474,1254
user_564,1597
user_309,1427
user_182,1625
user_428,1560
user_605,1675
user_459,1644
user_465,1686
user_522,1676
user_483,1450
user_352,1560
user_523,1645
user_7,1641
user_79,1647
user_613,1643
user_221,1464
user_125,1440
user_436,1684
user_92,1462
user_634,1164
user_113,1741
user_23,1188
user_456,2344
user_49,1775
user_587,2357
user_2,1546
user_379,1692
user_340,1308
user_225,1554
user_104,1419
user_258,1746
user_401,1782
user_229,1784
user_365,1217
user_387,1786
user_405,1656
user_35,1603
user_560,1690
user_510,368
user_22,1794
user_408,2334
user_264,1753
user_586,2412
user_233,1188
user_505,1751
user_288,1786
user_132,2382
user_458,1733
user_30,2297
user_625,2152
user_395,1809
user_585,2305
user_129,1716
user_349,1680
user_121,2152
user_206,919
user_87,1729
user_423,1747
user_180,2282
user_572,2189
user_1,1974
user_181,1804
user_126,355
user_371,2443
user_490,2423
user_278,2223
user_72,1716
user_437,1789
user_480,2437
user_277,372
user_517,1782
user_441,1227
user_149,1357
user_311,2250
user_494,1701
user_19,2380
user_137,2391
user_55,2298
user_174,2339
user_601,2660
user_615,2177
user_402,2144
user_467,2158
user_472,2178
user_376,1107
user_358,2046
user_248,2795
user_353,2478
user_487,1101
user_115,2165
user_335,2130
user_492,2163
user_518,1091
user_370,2058
user_266,2481
user_439,2076
user_285,1992
user_31,2176
user_135,2168
user_324,1981
user_350,2426
user_106,1570
user_339,2176
user_628,2167
user_201,2163
user_545,2130
user_215,2119
user_70,2354
user_222,2119
user_433,2017
user_185,1851
user_574,1081
user_344,2080
user_530,2160
user_484,1321
user_28,2145
user_424,2145
user_556,1497
user_382,1705
user_60,1850
user_243,2693
user_200,1701
user_283,2069
user_473,1329
user_226,2318
user_205,2109
user_176,1578
user_177,2839
user_317,1266
user_383,1859
user_156,1569
user_267,1567
user_501,2101
user_430,2130
user_549,2521
user_503,2129
user_563,2305
user_411,2198
user_378,2256
user_306,2120
user_448,2118
user_256,2133
user_27,2726
user_316,2130
user_303,2025
user_452,2090
user_321,2499
user_385,2395
user_640,2103
user_367,1959
user_299,2144
user_399,2471
user_298,2091
user_102,2022
user_101,2291
user_64,2244
user_308,2501
user_5,1985
user_612,2363
user_178,2051
user_629,2034
user_354,2326
user_105,1978
user_602,2258
user_145,2525
user_369,2091
user_291,2535
user_15,2270
user_155,2290
user_427,2745
user_269,2356
user_88,2002
user_110,2482
user_61,1998
user_610,2134
user_144,2033
user_85,2063
user_71,1876
user_331,2403
user_648,2421
user_197,2246
user_118,2086
user_189,1913
user_232,2249
user_526,2445
user_323,2512
user_527,2504
user_559,2073
user_216,2389
user_626,2268
user_270,2104
user_504,1973
user_292,2285
user_548,2076
user_409,1296
user_525,2393
user_609,2061
user_165,2364
user_422,2437
user_307,1876
user_255,2062
user_607,2014
user_198,1977
user_279,2217
user_468,2439
user_479,2360
user_332,1874
user_608,2466
user_127,2222
user_74,2449
user_598,2284
user_242,2218
user_238,1279
user_520,2204
user_172,1815
user_372,2462
user_289,2256
user_230,1196
user_444,2373
user_543,2189
user_257,2411
user_271,2382
user_486,1281
user_268,2101
user_241,2488
user_533,2157
user_322,1301
user_620,1669
user_91,2281
user_287,2209
user_589,1286
user_482,2308
user_313,2063
user_163,2450
user_142,1516
user_593,2039
user_450,1608
user_397,1809
user_366,1624
user_152,2177
user_208,2721
user_236,1702
user_46,2185
user_391,1632
user_290,1715
user_41,1717
user_294,1590
user_414,1063
user_36,1820
user_310,1293
user_297,1145
user_528,2212
user_276,1617
user_112,2213
user_162,1255
user_624,1524
user_469,1533
user_550,1322
user_475,1628
user_359,1705
user_207,2270
user_616,1607
user_11,1110
user_68,1661
user_499,2148
user_502,1589
user_582,1289
user_272,1595
user_515,1122
user_244,1122
user_37,1291
user_78,1835
user_75,1138
user_195,1992
user_33,1743
user_507,2302
user_642,1821
user_425,1821
user_128,1211
user_25,1630
user_516,1516
user_463,1220
user_410,1221
user_394,1499
user_386,1560
user_562,1615
user_94,1739
user_632,1021
user_636,1741
user_263,1632
user_356,1625
user_319,1060
user_570,1712
user_239,1521
user_541,1056
user_573,1514
user_554,1137
user_421,1301
user_337,1338
user_497,1142
user_203,1728
user_538,1607
user_567,2833
user_29,2718
user_171,2175
user_286,1338
user_196,1725
user_237,1543
user_536,1029
user_622,1136
user_223,1332
user_432,1371
user_133,1087
user_330,1074
user_481,1295
user_76,1134
user_227,1541
user_67,1122
user_95,1599
user_362,1210
user_284,1100
user_84,1106
user_375,1107
user_100,1194
user_449,1038
user_58,1139
user_392,1126
user_179,1825
user_20,1906
user_123,1189
user_122,1159
user_438,1139
user_83,2295
user_641,1104
user_600,1715
user_151,1087
user_373,1183
user_506,1510
user_300,2031
user_0,1122
user_581,1376
user_260,1715
user_627,1380
user_168,1106
user_455,1182
user_63,1287
user_446,1165
user_566,1204
user_396,1359
user_630,1192
user_457,2295
user_3,1762
user_606,1253
user_431,1191
user_235,1382
user_159,2259
user_136,2031
user_318,1129
user_568,1609
user_552,1133
user_140,1094
user_342,1369
user_453,1148
user_429,1928
user_496,1716
user_43,1630
user_10,2246
user_524,1818
user_295,1296
user_246,2303
user_161,1513
user_38,1816
user_154,1135
user_82,1520
user_51,1406
user_214,1814
user_619,1620
user_108,1755
user_357,1555
user_592,1745
user_343,1193
user_645,1150
user_98,1202
user_521,1187
user_253,1189
user_604,1210
user_293,1112
user_445,1150
user_261,1089
user_328,1404
user_561,1572
user_134,2982
user_599,2330
user_231,1137
user_440,1520
user_576,1189
user_407,1205
user_419,1188
user_157,1096
user_597,1143
user_540,1823
user_575,1287
user_558,2526
user_12,1667
user_500,1177
user_578,1224
user_590,1623
user_334,1463
user_305,1627
user_124,1598
user_513,1198
user_580,1989
user_187,1641
user_24,1903
user_646,1215
user_443,1908
user_491,1905
user_245,1979
user_93,2016
user_495,2014
user_649,1181
user_393,2487
user_6,1994
user_147,1983
user_4,2492
user_119,2005
user_166,1910
user_532,2015
user_77,2314
user_234,1994
user_314,2327
user_202,1975
user_188,1921
user_584,1993
user_551,2506
user_186,1919
user_621,2337
user_547,1211
user_447,1677
user_213,2438
user_418,2520
user_320,1108
user_542,2044
user_190,2354
user_508,1070
user_535,2604
user_464,1082
user_534,2059
user_647,2147
user_250,2601
user_498,2167
user_488,2058
user_96,2083
user_635,2054
user_617,2345
user_240,1506
user_588,1099
user_117,1173
user_211,1683
user_228,2746
user_451,2436
user_346,1982
user_62,1998
user_509,1679
user_192,1047
user_471,2163
user_384,1821
user_529,1649
user_14,1912
user_80,2221
user_109,1989
user_591,1072
user_81,1780
user_50,2015
user_194,2089
user_363,1964
user_304,2017
user_623,2091
user_97,1232
user_262,2017
user_153,1796
user_56,1975
user_220,1297
user_138,1261
user_54,1757
user_476,1282
user_512,1332
user_470,1350
user_173,1370
user_89,2091
user_460,2020
user_199,1259
user_315,1306
user_462,1290
user_296,1237
user_312,2097
user_420,1252
user_426,2071
user_579,1327
user_348,2091
user_254,1303
user_69,1319
user_8,2038
user_489,1797
user_16,1278
user_531,1234
user_477,1247
user_120,1423
user_461,1314
user_44,1424
user_265,1444
user_544,1442
user_595,1449
user_336,1470
user_249,1509
user_251,1453
user_329,1419
user_555,2386
user_638,1454
user_510,1420
user_406,1811
user_519,2807
user_596,1822
user_116,3896
user_485,3794
user_26,1825
user_16,103
user_361,3319
user_380,3236
user_54,84
user_347,3291
user_537,3238
user_249,276
user_45,3510
user_555,46
user_523,1424
user_579,121
user_638,55
user_435,1596
user_510,76
user_460,672
user_103,1812
user_2,1497
user_39,1800
user_45,55
user_368,1450
user_335,917
user_210,1447
user_316,971
user_503,978
user_563,981
user_20,1009
user_474,1471
user_186,836
user_614,1459
user_387,1572
user_53,1858
user_360,1771
user_333,1682
user_384,699
user_379,1566
user_480,1194
user_113,1541
user_596,127
user_592,978
user_465,1530
user_170,1487
user_56,767
user_231,601
user_478,1741
user_389,1508
user_339,1315
user_325,1520
user_23,1714
user_34,1761
user_549,1069
user_371,1258
user_301,1958
user_73,1554
user_88,562
user_49,1638
user_280,1579
user_447,745
user_114,1809
user_581,1106
user_614,127
user_644,1600
user_14,887
user_621,759
user_532,755
user_129,1301
user_92,1666
user_349,1313
user_416,1932
user_361,265
user_555,255
user_174,1522
user_467,1014
user_191,1948
user_468,1121
user_446,1131
user_485,291
user_249,270
user_1,1362
user_283,1163
user_327,2007
user_141,1975
user_490,1366
user_103,228
user_594,1879
user_530,1158
user_448,1187
user_19,1424
user_72,1380
user_334,778
user_121,1379
user_206,1379
user_341,1985
user_47,2048
user_26,325
user_214,1192
user_176,1202
user_404,2050
user_430,1221
user_517,1429
user_55,1482
user_318,731
user_139,2028
user_284,725
user_276,706
user_395,1843
user_302,1934
user_180,1431
user_428,1765
user_539,2032
user_482,719
user_434,2109
user_583,2073
user_20,288
user_48,1988
user_224,2137
user_281,2192
user_633,2086
user_7,1910
user_340,1971
user_79,1910
user_326,2081
user_558,1007
user_449,894
user_582,880
user_135,1368
user_171,889
user_603,2104
user_636,879
user_52,2208
user_252,2288
user_602,863
user_294,874
user_100,897
user_204,2304
user_600,907
user_417,2101
user_221,1948
user_444,872
user_352,1955
user_256,1444
user_104,2026
user_411,1449
user_433,1415
user_158,2242
user_374,2144
user_111,2145
user_217,2144
user_501,1453
user_259,2247
user_243,1436
user_27,1452
user_500,1059
user_358,1408
user_483,1986
user_309,1969
user_125,2002
user_436,2002
user_212,2157
user_459,1986
user_9,1941
user_363,1213
user_186,424
user_634,2003
user_225,2038
user_605,2080
user_514,2235
user_370,1494
user_172,1006
user_236,930
user_164,2246
user_388,2229
user_556,887
user_118,876
user_606,915
user_151,911
user_258,2003
user_493,2229
user_522,2227
user_585,1634
user_30,2164
user_628,1526
user_456,2219
user_400,2253
user_247,2353
user_553,2257
user_382,1543
user_32,2280
user_414,1031
user_380,673
user_381,2024
user_57,2242
user_248,1410
user_285,1414
user_365,2049
user_99,2362
user_627,1081
user_223,1062
user_616,1050
user_378,1585
user_559,1035
user_356,1058
user_486,1046
user_452,1030
user_601,1834
user_219,2281
user_607,1038
user_150,2459
user_347,685
user_469,1056
user_246,1576
user_437,1739
user_466,2286
user_564,2096
user_632,1064
user_4,1217
user_410,1058
user_599,1155
user_3,913
user_550,1028
user_228,1237
user_115,1532
user_200,1524
user_66,2359
user_21,2316
user_367,1065
user_95,1072
user_516,1057
user_454,2378
user_511,2396
user_479,1047
user_288,1751
user_541,1057
user_383,1618
user_130,2310
user_106,1586
user_423,1806
user_355,2330
user_134,1183
user_345,2429
user_458,1788
user_167,2337
user_28,1891
user_533,1088
user_22,2233
user_13,2425
user_278,1827
user_475,1099
user_587,2290
user_126,1822
user_148,2326
user_272,1107
user_255,1091
user_131,2437
user_40,2363
user_344,1637
user_265,1114
user_184,2326
user_183,2336
user_615,1932
user_264,2246
user_572,1842
user_277,1864
user_209,2364
user_267,1663
user_273,2329
user_271,1109
user_503,678
user_565,2320
user_189,1096
user_70,1918
user_300,1149
user_42,2342
user_569,2352
user_523,752
user_156,1657
user_390,2455
user_324,1610
user_282,2429
user_87,1843
user_625,1829
user_510,749
user_132,1796
user_59,2411
user_86,2467
user_629,1132
user_608,1152
user_571,2375
user_329,1104
user_399,1136
user_639,2479
user_239,1159
user_421,1161
user_110,1147
user_58,1175
user_297,1153
user_331,1138
user_337,1159
user_85,1162
user_520,1147
user_193,2381
user_290,1151
user_546,2376
user_257,1144
user_181,1876
user_128,1158
user_455,1190
user_60,1930
user_351,2380
user_557,2474
user_638,748
user_263,1112
user_505,1817
user_377,2438
user_321,1092
user_524,1649
user_146,2372
user_144,1161
user_502,1155
user_554,1159
user_17,2144
user_29,1160
user_487,1915
user_143,2525
user_275,2516
user_442,2442
user_182,2401
user_362,1140
user_198,1187
user_376,2025
user_415,2475
user_311,1890
user_18,2325
user_299,1099
user_412,2146
user_160,2491
user_643,2429
user_274,2530
user_169,2529
user_494,2325
user_425,1157
user_107,2531
user_10,1241
user_413,2354
user_611,2545
user_328,1279
user_637,2607
user_398,2467
user_525,1228
user_385,1212
user_279,1221
user_165,1247
user_613,2441
user_402,2061
user_5,1220
user_472,2061
user_548,1249
user_631,2462
user_562,1243
user_175,2497
user_359,1241
user_238,1232
user_91,1237
user_577,2484
user_354,1222
user_642,1246
user_75,1244
user_441,1997
user_11,1242
user_65,2565
user_145,1249
user_230,1231
user_366,1302
user_136,1338
user_33,1308
user_604,1369
user_526,1294
user_315,1578
user_93,1468
user_78,1312
user_142,1304
user_195,1313
user_199,1582
user_168,1342
user_68,1317
user_528,1303
user_122,1335
user_375,1339
user_235,1352
user_152,1316
user_74,1313
user_83,1350
user_244,1321
user_179,1346
user_353,1802
user_61,1303
user_76,1333
user_71,1314
user_253,1362
user_222,1850
user_157,1465
user_396,1380
user_445,1414
user_584,1738
user_624,1320
user_641,1379
user_509,1582
user_538,1328
user_590,1455
user_268,1310
user_488,1497
user_203,1327
user_568,1353
user_323,1327
user_369,1329
user_36,1318
user_440,1417
user_211,1547
user_461,1433
user_307,1340
user_463,1323
user_133,1333
user_98,1839
user_561,1415
user_250,1528
user_504,1315
user_438,1364
user_67,1336
user_208,1319
user_439,1839
user_515,1387
user_573,1328
user_306,1360
user_593,1383
user_507,1389
user_536,1398
user_245,1481
user_205,1909
user_270,1334
user_364,2725
user_289,1388
user_610,1374
user_476,1118
user_94,1403
user_342,1429
user_173,1127
user_332,1382
user_207,1401
user_197,1375
user_649,1803
user_609,1388
user_372,1387
user_473,1922
user_188,1563
user_313,1388
user_397,1385
user_127,1388
user_648,1371
user_443,1795
user_470,1138
user_25,1403
user_35,2507
user_242,1378
user_512,1130
user_190,1554
user_295,1425
user_69,1156
user_41,1394
user_357,1356
user_453,1424
user_46,1392
user_310,1319
user_237,1328
user_194,1126
user_298,1384
user_431,1422
user_234,1574
user_185,1911
user_424,1933
user_166,1575
user_220,1139
user_202,1573
user_403,2652
user_574,1914
user_481,1403
user_229,2560
user_418,1630
user_187,1836
user_240,1636
user_216,1434
user_43,1386
user_646,1784
user_617,1650
user_97,1190
user_201,1949
user_552,1476
user_495,1836
user_427,1384
user_162,1422
user_81,1150
user_450,1439
user_508,1614
user_545,1941
user_534,1576
user_314,1605
user_560,2577
user_566,1947
user_44,1321
user_591,1765
user_31,1932
user_551,1850
user_521,1510
user_303,1436
user_346,1674
user_6,1893
user_598,1460
user_147,1893
user_394,1403
user_215,1962
user_491,1837
user_0,1474
user_304,1194
user_312,1196
user_498,1871
user_63,1497
user_109,1783
user_293,1574
user_124,1537
user_15,1410
user_618,2719
user_62,1696
user_589,1463
user_322,1457
user_506,1474
user_576,1632
user_392,1534
user_373,1443
user_492,1896
user_12,1536
user_84,1525
user_393,1898
user_477,1284
user_96,1568
user_338,2692
user_77,1631
user_484,2017
user_426,1262
user_319,1472
user_101,1486
user_226,2039
user_287,1460
user_159,1541
user_89,1235
user_117,1670
user_116,1201
user_544,1208
user_138,1233
user_119,1628
user_547,1891
user_580,1909
user_213,1846
user_531,1280
user_401,2584
user_330,1439
user_462,1142
user_586,2569
user_317,1932
user_626,1409
user_320,1581
user_518,1996
user_108,1977
user_422,1432
user_24,1840
user_196,1410
user_350,1893
user_471,1778
user_623,1173
user_630,1432
user_391,1387
user_292,1419
user_597,1535
user_620,1399
user_647,1597
user_178,1440
user_645,1581
user_254,1263
user_192,1843
user_305,1580
user_50,1228
user_570,1417
user_635,1878
user_489,1201
user_123,1435
user_419,1528
user_137,2582
user_408,2648
user_595,1352
user_348,1262
user_409,1451
user_232,1459
user_251,1380
user_161,1437
user_90,2692
user_420,1198
user_218,2799
user_51,1501
user_464,1879
user_120,1249
user_286,1453
user_105,1402
user_429,1437
user_386,1432
user_64,1446
user_308,1370
user_513,1525
user_567,1397
user_588,1670
user_519,1244
user_575,1455
user_496,1435
user_261,1419
user_37,1404
user_619,1982
user_227,1416
user_499,1597
user_163,1605
user_16,1246
user_622,1607
user_640,1440
user_149,2590
user_336,1414
user_233,2081
user_537,1252
user_405,2543
user_578,1522
user_542,1596
user_407,1569
user_155,1340
user_260,2025
user_457,1498
user_296,1669
user_8,1265
user_153,1259
user_527,1409
user_529,1746
user_612,1382
user_343,1441
user_80,1772
user_82,1437
user_540,1524
user_535,1637
user_262,1165
user_266,1877
user_435,1327
user_579,1368
user_38,1789
user_335,1329
user_39,1371
user_460,1428
user_54,1472
user_210,1444
user_368,1466
user_56,1408
user_280,1421
user_170,1518
user_384,1534
user_549,1466
user_480,1560
user_316,1587
user_23,1499
user_474,1575
user_325,1501
user_478,1527
user_88,1482
user_447,1468
user_339,1518
user_53,1589
user_102,2040
user_507,629
user_228,643
user_397,413
user_617,451
user_465,1669
user_566,468
user_0,477
user_215,476
user_582,1119
user_333,1704
user_635,523
user_125,1210
user_163,572
user_362,1012
user_20,1478
user_501,1255
user_595,682
user_623,444
user_336,481
user_206,1631
user_485,1627
user_467,1658
user_451,2534
user_241,2318
user_334,1637
user_497,2315
user_269,2297
user_291,2293
user_114,1717
user_177,2826
user_432,2322
user_26,1624
user_154,2345
user_112,2306
user_2,1909
user_581,1745
user_246,1265
user_636,1293
user_92,1720
user_239,1001
user_530,1661
user_205,874
user_283,1700
user_486,883
user_610,878
user_601,887
user_371,1811
user_632,888
user_593,821
user_571,1029
user_476,881
user_446,1717
user_482,1638
user_128,1025
user_180,1636
user_265,1071
user_438,986
user_515,961
user_410,893
user_106,978
user_550,1283
user_379,1894
user_592,1927
user_214,1668
user_548,1119
user_295,691
user_404,1708
user_363,1430
user_113,1943
user_596,1939
user_430,1708
user_32,1336
user_173,937
user_475,1028
user_355,1003
user_417,1505
user_219,1353
user_522,1346
user_131,1030
user_99,1373
user_449,1535
user_129,1796
user_287,865
user_57,1353
user_634,1416
user_606,1294
user_73,1885
user_347,1339
user_47,1748
user_248,1378
user_414,1355
user_224,1675
user_115,980
user_389,1921
user_387,1984
user_594,1771
user_45,2014
user_364,971
user_289,971
user_516,993
user_367,993
user_332,736
user_435,726
user_207,739
user_98,906
user_609,740
user_434,1721
user_473,741
user_121,1774
user_648,743
user_127,742
user_512,750
user_25,749
user_244,1089
user_242,755
user_574,771
user_201,773
user_97,773
user_528,1125
user_172,1298
user_298,773
user_58,1132
user_187,776
user_52,1430
user_585,1399
user_81,788
user_568,1098
user_535,678
user_216,788
user_329,1144
user_646,790
user_381,1443
user_607,1173
user_428,1946
user_340,1803
user_621,2071
user_539,1989
user_4,1646
user_14,2126
user_395,2017
user_416,2116
user_245,1259
user_302,2017
user_466,1267
user_633,1871
user_263,1430
user_358,1754
user_628,1707
user_495,1093
user_554,1485
user_276,2065
user_458,1386
user_359,1536
user_41,1073
user_556,1647
user_429,999
user_463,1265
user_392,1134
user_49,2230
user_284,2080
user_457,998
user_84,1275
user_80,1004
user_143,1491
user_159,1126
user_546,1617
user_503,1400
user_229,1113
user_468,2167
user_641,1233
user_422,1170
user_176,2100
user_605,1637
user_552,1112
user_13,1683
user_453,1074
user_194,1092
user_543,2790
user_126,1404
user_294,1776
user_456,1707
user_411,1834
user_555,2138
user_19,2116
user_72,2162
user_158,1788
user_412,1508
user_597,1226
user_563,2380
user_544,1137
user_191,2131
user_564,1329
user_231,2275
user_10,1513
user_454,1337
user_380,1715
user_444,1891
user_272,1400
user_643,1510
user_150,1720
user_382,1715
user_139,2077
user_352,1870
user_212,1820
user_146,1483
user_235,1440
user_644,2198
user_598,1245
user_130,1367
user_591,1270
user_534,1094
user_470,1072
user_511,1369
user_247,1716
user_151,1658
user_604,1249
user_407,1000
user_611,1527
user_164,1673
user_123,999
user_149,1008
user_88,738
user_538,1256
user_240,1087
user_221,1775
user_541,1720
user_93,1252
user_266,1013
user_7,2014
user_48,2125
user_27,1897
user_54,1003
user_616,1822
user_78,1245
user_34,2255
user_445,1442
user_649,1070
user_459,1809
user_400,1714
user_31,1193
user_618,1249
user_599,1764
user_614,2200
user_234,1120
user_135,1766
user_569,1427
user_9,1901
user_354,1273
user_361,2230
user_30,1714
user_79,2017
user_100,1875
user_345,1673
user_558,2003
user_517,2191
user_374,1835
user_142,1309
user_508,1197
user_213,1233
user_300,1411
user_24,1233
user_116,1232
user_448,2225
user_401,1238
user_6,1215
user_492,1221
user_122,1492
user_341,2111
user_551,1251
user_252,1767
user_223,1823
user_184,1425
user_138,1233
user_59,1450
user_360,2436
user_365,1832
user_483,1808
user_311,1507
user_157,1518
user_63,1223
user_124,1222
user_603,1768
user_70,1408
user_326,2012
user_136,1291
user_514,1708
user_583,2138
user_426,1229
user_292,1139
user_183,1524
user_386,1235
user_190,1233
user_479,1349
user_258,1664
user_91,1269
user_64,1229
user_562,1534
user_532,2292
user_105,1178
user_626,1173
user_578,1013
user_305,1140
user_343,1004
user_132,1424
user_464,1178
user_118,1773
user_640,1064
user_37,1192
user_318,2082
user_66,1334
user_612,1004
user_408,1233
user_232,1233
user_462,1233
user_175,1680
user_278,1396
user_260,1000
user_254,999
user_493,1828
user_281,2203
user_602,1949
user_8,999
user_226,1292
user_589,1285
user_560,1275
user_152,1627
user_303,1285
user_567,1309
user_200,1335
user_499,1326
user_39,1006
user_119,1303
user_233,1138
user_192,1155
user_204,1958
user_600,1957
user_353,1479
user_373,1233
user_161,998
user_218,1228
user_647,1234
user_645,1233
user_301,2437
user_409,1245
user_327,2208
user_627,1913
user_490,2297
user_155,1000
user_394,1287
user_348,1177
user_51,1233
user_286,1240
user_575,1228
user_500,1847
user_350,1233
user_288,1354
user_103,2212
user_104,1967
user_238,1361
user_518,1304
user_256,1963
user_540,1193
user_217,1972
user_349,2353
user_270,1497
user_137,1304
user_313,1261
user_346,1287
user_314,1291
user_189,1599
user_433,1976
user_513,1178
user_297,1633
user_237,1268
user_171,1935
user_285,1847
user_570,1229
user_186,1972
user_120,1309
user_264,1624
user_169,1726
user_273,1625
user_576,1466
user_587,1625
user_179,1651
user_236,1840
user_268,1630
user_344,1623
user_209,1627
user_496,1326
user_5,1755
user_22,1623
user_439,1499
user_505,1732
user_481,1341
user_421,1698
user_390,1656
user_524,1735
user_17,1738
user_110,1697
user_523,1655
user_403,1341
user_383,1610
user_259,2051
user_279,1787
user_42,1672
user_87,1672
user_415,1767
user_250,1513
user_443,1339
user_356,1581
user_629,1882
user_455,1720
user_28,1713
user_86,1763
user_107,1826
user_525,1837
user_324,1728
user_419,1461
user_452,1637
user_328,1838
user_321,1806
user_290,1775
user_293,1431
user_304,1414
user_442,1810
user_559,1638
user_182,1819
user_520,1773
user_275,1818
user_631,1856
user_580,1461
user_75,1513
user_398,1856
user_181,1777
user_545,1457
user_315,1537
user_487,1849
user_77,1450
user_642,1536
user_11,1522
user_222,1577
user_165,1853
user_60,1815
user_537,1300
user_160,1828
user_526,1545
user_267,1764
user_418,1452
user_277,1761
user_195,1547
user_43,1431
user_441,1497
user_450,1453
user_199,1568
user_613,1897
user_196,1570
user_402,1887
user_193,1812
user_317,1569
user_529,1296
user_388,1999
user_427,1452
user_531,1561
user_424,1434
user_396,1589
user_472,1870
user_639,1813
user_230,1537
user_251,1461
user_198,1849
user_377,1840
user_637,1863
user_133,1758
user_15,1474
user_319,1594
user_619,1508
user_385,1842
user_148,1762
user_40,1804
user_33,1599
user_471,1615
user_625,1812
user_29,1829
user_21,1655
user_542,1369
user_331,1852
user_460,1345
user_320,1534
user_584,1626
user_50,1601
user_431,1512
user_156,1829
user_366,1618
user_261,1618
user_307,1654
user_62,1512
user_65,1534
user_308,1612
user_71,1588
user_144,1891
user_83,1858
user_306,1672
user_18,1838
user_391,1568
user_509,1579
user_227,1496
user_370,1970
user_108,1569
user_510,1834
user_557,1882
user_351,1876
user_425,1863
user_536,1745
user_547,1547
user_322,1666
user_168,1639
user_323,1665
user_101,1684
user_208,1696
user_36,1677
user_338,1686
user_624,1670
user_572,1855
user_67,1672
user_310,1690
user_369,1653
user_630,1634
user_96,1662
user_203,1651
user_608,1867
user_504,1672
user_376,1856
user_440,1596
user_82,1422
user_590,1674
user_498,1691
user_521,1694
user_420,1644
user_561,1665
user_494,1998
user_565,1901
user_615,1910
user_253,1736
user_519,1713
user_89,1630
user_166,1600
user_35,1815
user_573,1768
user_145,1696
user_372,1821
user_61,1733
user_405,1482
user_178,1726
user_271,1943
user_95,1869
user_3,2254
user_68,2002
user_436,2376
user_85,1991
user_55,2632
user_185,1824
user_638,2016
user_211,1788
user_46,1848
user_393,1807
user_94,1874
user_282,1972
user_342,1874
user_162,1718
user_153,1590
user_484,1875
user_588,1763
user_488,1865
user_469,1996
user_491,1805
user_579,1584
user_313,422
user_312,1828
user_257,2206
user_174,2947
user_1,2945
user_274,2319
user_141,2941
user_473,1278
user_127,1279
user_76,2170
user_335,1833
user_577,2132
user_364,1294
user_566,1586
user_515,1335
user_474,1713
user_170,1751
user_620,2094
user_90,2091
user_568,1274
user_283,1386
user_316,1723
user_206,1429
user_628,917
user_495,917
user_143,826
user_571,1385
user_219,1343
user_427,512
user_239,1435
user_182,606
user_556,908
user_447,1735
user_147,2102
user_549,1742
user_102,1719
user_606,1358
user_131,1372
user_609,1351
user_465,1660
user_291,1487
user_99,1374
user_197,2326
user_622,2194
user_486,1431
user_610,1432
user_593,1414
user_163,1595
user_489,2175
user_381,1324
user_377,514
user_646,1325
user_506,2133
user_210,1863
user_45,1363
user_97,1341
user_224,1377
user_355,1406
user_20,1590
user_449,1402
user_596,1415
user_582,1669
user_339,1782
user_32,1404
user_177,1502
user_74,2272
user_23,1803
user_287,1402
user_205,1479
user_417,1395
user_507,1751
user_332,1381
user_476,1436
user_432,1518
user_280,1863
user_246,1549
user_574,1420
user_636,1549
user_216,1339
user_451,1518
user_592,1415
user_548,1382
user_134,2403
user_527,1935
user_117,2080
user_440,488
user_623,1558
user_244,1272
user_115,1316
user_399,2422
user_561,518
user_457,906
user_325,1706
user_387,1461
user_167,2791
user_368,1968
user_290,772
user_225,2739
user_269,1589
user_214,1314
user_430,1495
user_243,2930
user_595,1652
user_38,2003
user_530,1590
user_106,1524
user_52,1468
user_475,1483
user_585,1354
user_389,1383
user_553,2839
user_423,2805
user_535,1330
user_309,2928
user_467,1519
user_201,1442
user_533,2788
user_333,1742
user_478,1855
user_502,2538
user_215,1793
user_172,1486
user_242,1490
user_114,1638
user_289,1507
user_410,1552
user_57,1526
user_0,1794
user_485,1651
user_207,1505
user_296,2025
user_113,1536
user_501,1703
user_73,1308
user_298,1492
user_367,1373
user_347,1316
user_480,1771
user_248,1395
user_109,2132
user_337,2741
user_299,2630
user_413,2637
user_358,1159
user_404,1486
user_635,1625
user_384,1889
user_550,1535
user_497,1637
user_125,1762
user_2,1456
user_12,2153
user_379,1586
user_395,1174
user_581,1666
user_594,1558
user_528,1540
user_110,854
user_187,1537
user_446,1592
user_228,1834
user_617,1696
user_255,2622
user_111,3002
user_262,2013
user_336,1725
user_634,1577
user_81,1673
user_621,1442
user_92,1846
user_482,1791
user_180,1829
user_159,1330
user_71,910
user_162,842
user_46,827
user_625,1020
user_424,998
user_340,1600
user_14,1594
user_441,1155
user_559,1161
user_418,1161
user_522,1896
user_648,1875
user_193,1073
user_241,2096
user_605,1482
user_554,1563
user_598,1467
user_202,2653
user_80,1435
user_308,1050
user_622,392
user_475,436
user_364,373
user_616,1457
user_45,565
user_221,1460
user_324,1277
user_514,1483
user_530,437
user_639,1172
user_112,2116
user_98,1986
user_371,2045
user_408,1411
user_512,1982
user_405,1082
user_484,1036
user_170,375
user_223,1412
user_297,1386
user_276,1585
user_577,712
user_68,1112
user_393,1040
user_363,2022
user_283,695
user_154,2120
user_43,1272
user_385,1200
user_346,1365
user_601,2050
user_95,1088
user_250,1406
user_428,1786
user_64,1495
user_306,1164
user_599,1485
user_251,1233
user_19,1581
user_110,389
user_413,396
user_579,1011
user_274,911
user_480,393
user_284,1607
user_550,399
user_37,1480
user_203,1218
user_178,1193
user_111,418
user_618,1568
user_630,1215
user_337,399
user_556,725
user_469,1048
user_127,454
user_313,1016
user_195,1350
user_520,1347
user_515,761
user_495,761
user_267,1375
user_455,1481
user_342,1126
user_314,1469
user_397,2424
user_538,1566
user_76,476
user_89,1173
user_494,1165
user_603,1501
user_499,1567
user_545,1386
user_450,1389
user_529,1276
user_632,2135
user_299,426
user_516,2097
user_409,1471
user_391,1269
user_498,1275
user_238,1467
user_369,1228
user_635,430
user_353,1465
user_295,2133
user_607,1955
user_302,1858
user_443,1532
user_539,1886
user_633,1891
user_286,1553
user_4,1951
user_263,1940
user_505,1625
user_581,582
user_497,574
user_255,585
user_613,1426
user_15,1429
user_487,1530
user_525,1538
user_631,1534
user_587,1632
user_22,1646
user_28,1629
user_571,679
user_587,33
user_561,708
user_528,736
user_436,1418
user_338,1428
user_487,43
user_631,49
user_613,50
user_399,725
user_225,752
user_609,956
user_227,1442
user_447,976
user_190,1758
user_381,904
user_323,1460
user_425,1460
user_124,1822
user_338,61
user_609,42
user_474,753
user_158,1907
user_587,109
user_436,105
user_323,66
user_613,100
user_445,1874
user_145,1494
user_197,824
user_626,1823
user_168,1543
user_90,1118
user_536,1551
user_502,887
user_399,118
user_460,1553
user_55,1546
user_440,847
user_372,1531
user_3,1547
user_412,1920
user_136,1933
user_449,1026
user_388,1642
user_642,1739
user_40,1667
user_590,1627
user_351,1589
user_275,1736
user_588,1490
user_513,1848
user_637,1658
user_61,1562
user_298,959
user_94,1508
user_386,1962
user_96,1626
user_585,953
user_473,885
user_120,1883
user_102,1170
user_562,2007
user_317,1707
user_519,1605
user_557,1648
user_568,1220
user_101,1657
user_547,1651
user_192,1976
user_83,1664
user_623,959
user_51,1921
user_509,1673
user_27,2019
user_361,2028
user_349,1933
user_403,1955
user_6,2034
user_532,2046
user_31,1980
user_373,1932
user_135,2025
user_614,2024
user_641,2099
user_8,2040
user_237,1937
user_258,2047
user_360,2078
user_341,2055
user_382,2071
user_105,1967
user_627,1974
user_78,2051
user_10,2081
user_439,1950
user_458,2198
user_176,2126
user_580,1883
user_466,2306
user_240,2111
user_591,2033
user_321,1901
user_481,1975
user_212,2064
user_327,1975
user_564,2123
user_611,2083
user_452,1890
user_132,1966
user_492,2081
user_429,2042
user_576,1938
user_301,1927
user_169,1939
user_534,1999
user_537,1924
user_586,3433
user_171,1939
user_365,2052
user_524,1997
user_151,2083
user_118,2042
user_146,2042
user_60,1929
user_454,2080
user_421,1992
user_471,1862
user_70,2140
user_130,2153
user_483,2150
user_640,2147
user_511,2154
user_343,2066
user_326,2141
user_230,1850
user_619,1859
user_472,1854
user_196,1853
user_521,1848
user_279,2038
user_425,344
user_294,2202
user_304,1973
user_11,1972
user_189,2061
user_254,2111
user_374,2168
user_604,2192
user_491,1655
user_383,2094
user_252,2194
user_643,2196
user_578,2121
user_427,1360
user_163,1315
user_456,2215
user_59,2115
user_501,1178
user_72,2231
user_644,2203
user_273,2093
user_570,2093
user_82,1885
user_165,2002
user_318,2107
user_75,1973
user_142,2171
user_543,2231
user_402,1899
user_270,2074
user_191,2230
user_86,2055
user_328,2013
user_490,2097
user_5,2106
user_594,1169
user_217,2109
user_160,2019
user_416,2454
user_523,2137
user_141,1590
user_271,1841
user_608,1910
user_467,1212
user_560,2223
user_459,2220
user_645,2121
user_540,2118
user_91,2165
user_636,1172
user_602,2171
user_167,1192
user_493,2172
user_411,2284
user_507,1169
user_345,2267
user_9,2243
user_41,2342
user_243,1209
user_201,1225
user_597,2303
user_309,1210
user_119,2189
user_517,2256
user_527,1197
user_569,2279
user_457,1197
user_354,2217
user_1,1503
user_431,1900
user_476,1192
user_266,2214
user_583,2258
user_572,1913
user_300,2221
user_555,2280
user_355,1193
user_311,2236
user_134,1172
user_563,2319
user_370,1923
user_451,1214
user_535,1253
user_48,2268
user_50,1875
user_278,2181
user_526,2055
user_242,1260
user_548,1186
user_149,2213
user_156,1917
user_287,1211
user_593,1418
user_74,1210
user_448,2279
user_157,2266
user_204,2248
user_123,2213
user_208,1929
user_612,2245
user_288,2121
user_36,1929
user_307,1917
user_155,2122
user_422,2287
user_344,2217
user_486,1458
user_485,1298
user_615,1914
user_582,1410
user_478,1289
user_600,2200
user_423,1289
user_544,2285
user_574,1406
user_117,1260
user_463,2316
user_291,1483
user_506,1250
user_426,2266
user_617,1200
user_442,2136
user_177,1263
user_573,1917
user_496,2249
user_320,1954
user_285,2215
user_446,1286
user_85,1905
user_444,2398
user_465,1517
user_566,1580
user_116,2351
user_551,2361
user_489,1432
user_108,2004
user_331,1996
user_468,2334
user_174,1576
user_181,2160
user_606,1233
user_261,1972
user_269,1284
user_541,2335
user_24,2330
user_410,1297
user_390,2295
user_453,2428
user_464,2319
user_479,2400
user_380,2427
user_213,2382
user_546,2448
user_359,2509
user_584,2051
user_567,2351
user_164,2462
user_508,2426
user_316,1645
user_522,1043
user_232,2374
user_144,2077
user_620,1650
user_216,1372
user_518,2331
user_624,2088
user_400,2387
user_200,2345
user_256,2295
user_38,1397
user_226,2357
user_500,2361
user_542,2102
user_262,1423
user_183,2476
user_103,2292
user_488,2011
user_13,2647
user_348,2512
user_356,2527
user_407,2590
user_257,2067
user_589,2581
user_565,2221
user_14,1302
user_303,2600
user_202,1191
user_634,1534
user_558,2647
user_482,1432
user_415,2524
user_549,1577
user_137,2564
user_185,2282
user_241,1170
user_112,1175
user_424,1390
user_621,1459
user_350,2583
user_610,1830
user_310,2344
user_139,2725
user_194,2749
user_552,2748
user_281,2647
user_649,2688
user_648,1344
user_408,1202
user_503,2763
user_504,2386
user_260,2719
user_87,2589
user_153,2263
user_599,1192
user_628,1917
user_516,1072
user_247,2729
user_592,1650
user_575,2624
user_530,1200
user_647,2638
user_104,2646
user_470,2771
user_639,1158
user_605,1336
user_443,1091
user_233,2710
user_222,2604
user_308,1258
user_484,1246
user_554,1348
user_413,1239
user_625,1496
user_236,2659
user_622,1266
user_133,2505
user_529,1130
user_577,1187
user_598,1260
user_499,1152
user_337,1254
user_494,1152
user_405,1311
user_498,1214
user_538,1175
user_515,1272
user_632,1182
user_601,1218
user_495,1187
user_559,1499
user_455,1189
user_154,1228
user_520,1288
user_539,1166
user_525,1127
user_635,1217
user_299,1198
user_607,1151
user_393,1248
user_630,1199
user_618,1198
user_450,1218
user_353,1285
user_505,1205
user_545,1272
user_469,1375
user_263,1218
user_633,1247
user_603,1271
user_480,1376
user_497,1214
user_292,3169
user_565,230
user_498,153
user_210,2197
user_616,1751
user_211,2813
user_389,2240
user_553,2242
user_533,2247
user_629,3177
user_601,240
user_559,247
user_598,202
user_637,1344
user_575,333
user_494,223
user_525,283
user_392,3422
user_93,3352
user_67,2994
user_439,1254
user_96,1422
user_463,935
user_31,1327
user_372,1514
user_536,1532
user_588,1492
user_580,1346
user_470,645
user_590,1530
user_626,1575
user_160,1262
user_444,1009
user_570,1221
user_492,1360
user_55,1567
user_292,284
user_537,1348
user_585,1503
user_642,1538
user_275,1535
user_145,1613
user_502,1624
user_3,1687
user_626,148
user_174,1196
user_573,1186
user_604,1447
user_490,1454
user_521,1509
user_464,1210
user_489,1204
user_532,1610
user_471,1565
user_380,1220
user_493,1462
user_311,1279
user_518,1208
user_644,1501
user_533,424
user_508,1209
user_526,1291
user_615,1348
user_468,1249
user_641,1607
user_457,1278
user_557,1745
user_572,1339
user_136,1832
user_509,1745
user_567,1290
user_5,1586
user_527,1428
user_412,1924
user_155,1469
user_491,1649
user_485,1523
user_610,893
user_647,1122
user_505,974
user_572,222
user_620,1511
user_647,63
user_553,754
user_551,1590
user_546,1606
user_481,1937
user_611,1932
user_149,1653
user_602,1793
user_291,1741
user_594,1877
user_171,1964
user_185,1419
user_625,1375
user_504,1450
user_411,1923
user_517,1756
user_608,1920
user_422,1814
user_467,1914
user_355,1776
user_519,2186
user_600,1860
user_560,1935
user_478,1858
user_82,1986
user_163,2004
user_578,1981
user_458,2092
user_535,1798
user_645,1936
user_511,2084
user_488,1571
user_423,1888
user_619,2085
user_243,1656
user_483,1921
user_501,1868
user_118,1957
user_479,1668
user_496,1739
user_586,1956
user_534,1956
user_344,1710
user_448,1676
user_177,1738
user_105,1959
user_200,1610
user_402,1873
user_390,1631
user_74,1656
user_472,1933
user_628,1323
user_563,1668
user_562,2064
user_543,1866
user_569,1672
user_279,1929
user_164,1605
user_183,1756
user_564,2101
user_629,966
user_303,1595
user_523,2029
user_269,1820
user_640,2110
user_541,1805
user_539,1230
user_13,1279
user_597,1855
user_70,2139
user_456,2069
user_649,1571
user_451,1865
user_91,2010
user_545,1338
user_524,2131
user_453,1819
user_584,1765
user_617,1783
user_134,1850
user_589,1630
user_583,1858
user_542,1787
user_612,1982
user_153,1545
user_9,1850
user_540,2012
user_506,1804
user_576,2120
user_38,1796
user_278,1871
user_454,2201
user_552,1354
user_520,1471
user_648,1358
user_558,1342
user_607,1339
user_503,1658
user_442,1894
user_624,1915
user_544,1990
user_577,1323
user_516,1497
user_236,1374
user_643,2359
user_273,2377
user_527,764
user_454,134
user_591,2515
user_459,2370
user_466,2530
user_452,2549
user_577,228
user_543,281
user_586,281
user_534,278
user_279,294
user_542,264
user_643,202
user_563,394
user_492,1294
user_451,319
user_444,1350
user_463,1446
user_627,2766
user_620,887
user_524,410
user_526,1202
user_629,684
user_615,1252
user_478,821
user_452,363
user_471,1334
user_641,1287
user_448,790
user_490,1424
user_493,1373
user_564,998
user_640,841
user_543,849
user_546,1486
user_602,1506
user_472,1250
user_488,1427
user_517,1429
user_517,308
